2010-05-28,08:23:35.203,,,Unloading plate 's1' to BB PM 3 took ,0.1130113
2010-05-28,08:23:40.010,,,changing tips 1  2   took ,4.720472
2010-05-28,08:23:40.540,1,2,move source stage took ,0.4990499
2010-05-28,08:23:44.046,1,2,aspirate took ,3.5063506
2010-05-28,08:23:44.277,,,changing tips 3  4   took ,8.9748974
2010-05-28,08:23:44.672,3,4,move source stage took ,0.3950395
2010-05-28,08:23:47.633,1,2,dispense took ,3.5863586
2010-05-28,08:23:48.156,3,4,aspirate took ,3.4833483
2010-05-28,08:23:49.620,1,2,tip shucking took ,1.9851985
2010-05-28,08:23:51.528,3,4,dispense took ,3.3723372
2010-05-28,08:23:53.487,,,changing tips 1  2   took ,3.8663866
2010-05-28,08:23:53.515,3,4,tip shucking took ,1.9871987
2010-05-28,08:23:53.945,1,2,move source stage took ,0.4580458
2010-05-28,08:23:57.399,1,2,aspirate took ,3.4533453
2010-05-28,08:23:57.490,,,changing tips 3  4   took ,3.9743974
2010-05-28,08:23:58.212,3,4,move source stage took ,0.7220722
2010-05-28,08:24:00.693,1,2,dispense took ,3.2943294
2010-05-28,08:24:01.771,3,4,aspirate took ,3.5593559
2010-05-28,08:24:02.736,1,2,tip shucking took ,2.0432043
2010-05-28,08:24:05.177,3,4,dispense took ,3.4063406
2010-05-28,08:24:06.593,,,changing tips 1  2   took ,3.8563856
2010-05-28,08:24:07.137,3,4,tip shucking took ,1.9591959
2010-05-28,08:24:07.168,1,2,move source stage took ,0.5750575
2010-05-28,08:24:10.677,1,2,aspirate took ,3.5093509
2010-05-28,08:24:10.817,,,changing tips 3  4   took ,3.680368
2010-05-28,08:24:11.330,3,4,move source stage took ,0.5130513
2010-05-28,08:24:13.987,1,2,dispense took ,3.310331
2010-05-28,08:24:14.881,3,4,aspirate took ,3.5513551
2010-05-28,08:24:16.015,1,2,tip shucking took ,2.0272027
2010-05-28,08:24:18.276,3,4,dispense took ,3.3943394
2010-05-28,08:24:20.012,,,changing tips 1  2   took ,3.9973997
2010-05-28,08:24:20.254,3,4,tip shucking took ,1.9781978
2010-05-28,08:24:20.467,1,2,move source stage took ,0.4550455
2010-05-28,08:24:23.948,1,2,aspirate took ,3.4813481
2010-05-28,08:24:24.109,,,changing tips 3  4   took ,3.8553855
2010-05-28,08:24:24.437,3,4,move source stage took ,0.3280328
2010-05-28,08:24:27.281,1,2,dispense took ,3.3323332
2010-05-28,08:24:27.964,3,4,aspirate took ,3.5263526
2010-05-28,08:24:29.330,1,2,tip shucking took ,2.0492049
2010-05-28,08:24:31.349,3,4,dispense took ,3.3853385
2010-05-28,08:24:33.238,,,changing tips 1  2   took ,3.9083908
2010-05-28,08:24:33.296,3,4,tip shucking took ,1.9471947
2010-05-28,08:24:33.863,1,2,move source stage took ,0.6250625
2010-05-28,08:24:37.215,,,changing tips 3  4   took ,3.9183918
2010-05-28,08:24:37.347,1,2,aspirate took ,3.4833483
2010-05-28,08:24:37.833,3,4,move source stage took ,0.4680468
2010-05-28,08:24:40.662,1,2,dispense took ,3.3153315
2010-05-28,08:24:41.357,3,4,aspirate took ,3.5243524
2010-05-28,08:24:42.590,1,2,tip shucking took ,1.9281928
2010-05-28,08:24:44.744,3,4,dispense took ,3.3873387
2010-05-28,08:24:46.440,,,changing tips 1  2   took ,3.8493849
2010-05-28,08:24:46.704,3,4,tip shucking took ,1.9591959
2010-05-28,08:24:47.024,1,2,move source stage took ,0.5840584
2010-05-28,08:24:50.420,,,changing tips 3  4   took ,3.7163716
2010-05-28,08:24:50.514,1,2,aspirate took ,3.490349
2010-05-28,08:24:50.854,3,4,move source stage took ,0.3340334
2010-05-28,08:24:53.835,1,2,dispense took ,3.3213321
2010-05-28,08:24:54.391,3,4,aspirate took ,3.5373537
2010-05-28,08:24:55.879,1,2,tip shucking took ,2.0432043
2010-05-28,08:24:57.745,3,4,dispense took ,3.3533353
2010-05-28,08:24:59.707,3,4,tip shucking took ,1.9621962
2010-05-28,08:24:59.852,,,changing tips 1  2   took ,3.9723972
2010-05-28,08:25:00.174,1,2,move source stage took ,0.3220322
2010-05-28,08:25:03.642,1,2,aspirate took ,3.4683468
2010-05-28,08:25:03.700,,,changing tips 3  4   took ,3.9933993
2010-05-28,08:25:04.232,3,4,move source stage took ,0.5320532
2010-05-28,08:25:06.971,1,2,dispense took ,3.3283328
2010-05-28,08:25:07.718,3,4,aspirate took ,3.4853485
2010-05-28,08:25:08.989,1,2,tip shucking took ,2.0182018
2010-05-28,08:25:11.054,3,4,dispense took ,3.3363336
2010-05-28,08:25:12.896,,,changing tips 1  2   took ,3.9073907
2010-05-28,08:25:13.012,3,4,tip shucking took ,1.9581958
2010-05-28,08:25:13.194,1,2,move source stage took ,0.2980298
2010-05-28,08:25:16.655,1,2,aspirate took ,3.460346
2010-05-28,08:25:16.884,,,changing tips 3  4   took ,3.8713871
2010-05-28,08:25:17.233,3,4,move source stage took ,0.3490349
2010-05-28,08:25:19.990,1,2,dispense took ,3.3353335
2010-05-28,08:25:20.783,3,4,aspirate took ,3.550355
2010-05-28,08:25:22.018,1,2,tip shucking took ,2.0282028
2010-05-28,08:25:24.439,3,4,dispense took ,3.6563656
2010-05-28,08:25:25.861,,,changing tips 1  2   took ,3.8423842
2010-05-28,08:25:26.313,1,2,move source stage took ,0.4520452
2010-05-28,08:25:26.357,3,4,tip shucking took ,1.9171917
2010-05-28,08:25:29.806,1,2,aspirate took ,3.4933493
2010-05-28,08:25:30.095,,,changing tips 3  4   took ,3.7383738
2010-05-28,08:25:30.685,3,4,move source stage took ,0.590059
2010-05-28,08:25:33.164,1,2,dispense took ,3.3583358
2010-05-28,08:25:34.252,3,4,aspirate took ,3.5673567
2010-05-28,08:25:35.065,1,2,tip shucking took ,1.9011901
2010-05-28,08:25:37.615,3,4,dispense took ,3.3623362
2010-05-28,08:25:39.097,,,changing tips 1  2   took ,4.0314031
2010-05-28,08:25:39.544,3,4,tip shucking took ,1.9291929
2010-05-28,08:25:39.711,1,2,move source stage took ,0.6140614
2010-05-28,08:25:43.184,1,2,aspirate took ,3.4733473
2010-05-28,08:25:43.373,,,changing tips 3  4   took ,3.8293829
2010-05-28,08:25:43.701,3,4,move source stage took ,0.3280328
2010-05-28,08:25:46.727,1,2,dispense took ,3.5423542
2010-05-28,08:25:47.186,3,4,aspirate took ,3.4843484
2010-05-28,08:25:48.740,1,2,tip shucking took ,2.0132013
2010-05-28,08:25:50.539,3,4,dispense took ,3.3533353
2010-05-28,08:25:52.466,3,4,tip shucking took ,1.9271927
2010-05-28,08:25:52.636,,,changing tips 1  2   took ,3.8963896
2010-05-28,08:25:53.281,1,2,move source stage took ,0.6450645
2010-05-28,08:25:56.480,,,changing tips 3  4   took ,4.0134013
2010-05-28,08:25:56.755,1,2,aspirate took ,3.4733473
2010-05-28,08:25:57.201,3,4,move source stage took ,0.4210421
2010-05-28,08:26:00.178,1,2,dispense took ,3.4233423
2010-05-28,08:26:00.728,3,4,aspirate took ,3.5273527
2010-05-28,08:26:02.189,1,2,tip shucking took ,2.0112011
2010-05-28,08:26:04.139,3,4,dispense took ,3.4113411
2010-05-28,08:26:06.031,,,changing tips 1  2   took ,3.8413841
2010-05-28,08:26:06.087,3,4,tip shucking took ,1.9471947
2010-05-28,08:26:06.357,1,2,move source stage took ,0.3260326
2010-05-28,08:26:07.924,,,changing tips 3   took ,1.8371837
2010-05-28,08:26:09.908,1,2,aspirate took ,3.5513551
2010-05-28,08:26:10.198,3,,move source stage took ,0.2730273
2010-05-28,08:26:13.250,1,2,dispense took ,3.3423342
2010-05-28,08:26:13.694,3,,aspirate took ,3.4963496
2010-05-28,08:26:15.278,1,2,tip shucking took ,2.0282028
2010-05-28,08:26:17.155,,,changing tips 1   took ,1.8761876
2010-05-28,08:26:17.190,3,,dispense took ,3.4943494
2010-05-28,08:26:17.483,1,,move source stage took ,0.3280328
2010-05-28,08:26:19.153,3,,tip shucking took ,1.9631963
2010-05-28,08:26:21.019,1,,aspirate took ,3.5363536
2010-05-28,08:26:24.326,1,,dispense took ,3.3073307
2010-05-28,08:26:26.244,1,,tip shucking took ,1.9171917
2010-05-28,08:26:26.862,,,Unloading plate 's2' to BB PM 3 took ,0.1180118
2010-05-28,08:26:30.982,,,changing tips 1  2   took ,4.070407
2010-05-28,08:26:31.486,1,2,move source stage took ,0.5040504
2010-05-28,08:26:34.882,,,changing tips 3  4   took ,7.9117911
2010-05-28,08:26:34.967,1,2,aspirate took ,3.4813481
2010-05-28,08:26:35.541,3,4,move source stage took ,0.5590559
2010-05-28,08:26:38.224,1,2,dispense took ,3.2563256
2010-05-28,08:26:39.056,3,4,aspirate took ,3.5143514
2010-05-28,08:26:40.164,1,2,tip shucking took ,1.940194
2010-05-28,08:26:42.416,3,4,dispense took ,3.360336
2010-05-28,08:26:44.048,,,changing tips 1  2   took ,3.8843884
2010-05-28,08:26:44.412,3,4,tip shucking took ,1.9961996
2010-05-28,08:26:44.788,1,2,move source stage took ,0.740074
2010-05-28,08:26:48.213,,,changing tips 3  4   took ,3.80038
2010-05-28,08:26:48.291,1,2,aspirate took ,3.5023502
2010-05-28,08:26:49.025,3,4,move source stage took ,0.7120712
2010-05-28,08:26:51.636,1,2,dispense took ,3.3453345
2010-05-28,08:26:52.561,3,4,aspirate took ,3.5363536
2010-05-28,08:26:53.559,1,2,tip shucking took ,1.9231923
2010-05-28,08:26:55.989,3,4,dispense took ,3.4273427
2010-05-28,08:26:57.399,,,changing tips 1  2   took ,3.8393839
2010-05-28,08:26:57.936,1,2,move source stage took ,0.5370537
2010-05-28,08:26:57.967,3,4,tip shucking took ,1.9781978
2010-05-28,08:27:01.441,1,2,aspirate took ,3.5053505
2010-05-28,08:27:01.668,,,changing tips 3  4   took ,3.7013701
2010-05-28,08:27:01.972,3,4,move source stage took ,0.3040304
2010-05-28,08:27:04.771,1,2,dispense took ,3.330333
2010-05-28,08:27:05.517,3,4,aspirate took ,3.5453545
2010-05-28,08:27:06.789,1,2,tip shucking took ,2.0172017
2010-05-28,08:27:08.899,3,4,dispense took ,3.3813381
2010-05-28,08:27:10.768,,,changing tips 1  2   took ,3.9793979
2010-05-28,08:27:10.872,3,4,tip shucking took ,1.9731973
2010-05-28,08:27:11.035,1,2,move source stage took ,0.2670267
2010-05-28,08:27:14.529,1,2,aspirate took ,3.4943494
2010-05-28,08:27:14.792,,,changing tips 3  4   took ,3.920392
2010-05-28,08:27:15.133,3,4,move source stage took ,0.3410341
2010-05-28,08:27:17.858,1,2,dispense took ,3.3283328
2010-05-28,08:27:18.605,3,4,aspirate took ,3.4713471
2010-05-28,08:27:19.788,1,2,tip shucking took ,1.930193
2010-05-28,08:27:21.909,3,4,dispense took ,3.3043304
2010-05-28,08:27:23.707,,,changing tips 1  2   took ,3.9193919
2010-05-28,08:27:23.874,3,4,tip shucking took ,1.9651965
2010-05-28,08:27:23.976,1,2,move source stage took ,0.2690269
2010-05-28,08:27:27.406,1,2,aspirate took ,3.4293429
2010-05-28,08:27:27.705,,,changing tips 3  4   took ,3.830383
2010-05-28,08:27:28.100,3,4,move source stage took ,0.3950395
2010-05-28,08:27:30.726,1,2,dispense took ,3.320332
2010-05-28,08:27:31.644,3,4,aspirate took ,3.5443544
2010-05-28,08:27:32.775,1,2,tip shucking took ,2.0492049
2010-05-28,08:27:35.036,3,4,dispense took ,3.3923392
2010-05-28,08:27:36.613,,,changing tips 1  2   took ,3.8373837
2010-05-28,08:27:37.021,3,4,tip shucking took ,1.9841984
2010-05-28,08:27:37.275,1,2,move source stage took ,0.6620662
2010-05-28,08:27:40.710,,,changing tips 3  4   took ,3.6893689
2010-05-28,08:27:40.791,1,2,aspirate took ,3.5163516
2010-05-28,08:27:41.483,3,4,move source stage took ,0.6730673
2010-05-28,08:27:44.128,1,2,dispense took ,3.3373337
2010-05-28,08:27:45.053,3,4,aspirate took ,3.570357
2010-05-28,08:27:46.155,1,2,tip shucking took ,2.0262026
2010-05-28,08:27:48.410,3,4,dispense took ,3.3563356
2010-05-28,08:27:50.154,,,changing tips 1  2   took ,3.9993999
2010-05-28,08:27:50.370,3,4,tip shucking took ,1.960196
2010-05-28,08:27:50.573,1,2,move source stage took ,0.4190419
2010-05-28,08:27:54.031,1,2,aspirate took ,3.4583458
2010-05-28,08:27:54.247,,,changing tips 3  4   took ,3.8773877
2010-05-28,08:27:54.560,3,4,move source stage took ,0.3130313
2010-05-28,08:27:57.367,1,2,dispense took ,3.3353335
2010-05-28,08:27:58.069,3,4,aspirate took ,3.5083508
2010-05-28,08:27:59.368,1,2,tip shucking took ,2.0012001
2010-05-28,08:28:01.429,3,4,dispense took ,3.360336
2010-05-28,08:28:03.249,,,changing tips 1  2   took ,3.8813881
2010-05-28,08:28:03.386,3,4,tip shucking took ,1.9571957
2010-05-28,08:28:03.721,1,2,move source stage took ,0.4720472
2010-05-28,08:28:07.195,1,2,aspirate took ,3.4733473
2010-05-28,08:28:07.225,,,changing tips 3  4   took ,3.8383838
2010-05-28,08:28:07.831,3,4,move source stage took ,0.6060606
2010-05-28,08:28:10.520,1,2,dispense took ,3.3253325
2010-05-28,08:28:11.382,3,4,aspirate took ,3.5513551
2010-05-28,08:28:12.558,1,2,tip shucking took ,2.0382038
2010-05-28,08:28:15.010,3,4,dispense took ,3.6283628
2010-05-28,08:28:16.401,,,changing tips 1  2   took ,3.8423842
2010-05-28,08:28:16.692,1,2,move source stage took ,0.2910291
2010-05-28,08:28:16.972,3,4,tip shucking took ,1.9611961
2010-05-28,08:28:20.232,1,2,aspirate took ,3.540354
2010-05-28,08:28:20.730,,,changing tips 3  4   took ,3.7583758
2010-05-28,08:28:20.973,3,4,move source stage took ,0.2430243
2010-05-28,08:28:23.564,1,2,dispense took ,3.3323332
2010-05-28,08:28:24.548,3,4,aspirate took ,3.5753575
2010-05-28,08:28:25.565,1,2,tip shucking took ,2.0012001
2010-05-28,08:28:27.908,3,4,dispense took ,3.3593359
2010-05-28,08:28:29.547,,,changing tips 1  2   took ,3.9813981
2010-05-28,08:28:29.856,3,4,tip shucking took ,1.9481948
2010-05-28,08:28:29.909,1,2,move source stage took ,0.3620362
2010-05-28,08:28:33.380,1,2,aspirate took ,3.4713471
2010-05-28,08:28:33.724,,,changing tips 3  4   took ,3.8683868
2010-05-28,08:28:34.020,3,4,move source stage took ,0.2960296
2010-05-28,08:28:36.793,1,2,dispense took ,3.4123412
2010-05-28,08:28:37.534,3,4,aspirate took ,3.5133513
2010-05-28,08:28:38.800,1,2,tip shucking took ,2.0072007
2010-05-28,08:28:40.965,3,4,dispense took ,3.4313431
2010-05-28,08:28:42.710,,,changing tips 1  2   took ,3.910391
2010-05-28,08:28:42.929,3,4,tip shucking took ,1.9641964
2010-05-28,08:28:43.237,1,2,move source stage took ,0.5270527
2010-05-28,08:28:46.717,1,2,aspirate took ,3.4793479
2010-05-28,08:28:46.761,,,changing tips 3  4   took ,3.8313831
2010-05-28,08:28:47.150,3,4,move source stage took ,0.3890389
2010-05-28,08:28:50.026,1,2,dispense took ,3.3093309
2010-05-28,08:28:50.688,3,4,aspirate took ,3.5383538
2010-05-28,08:28:52.096,1,2,tip shucking took ,2.070207
2010-05-28,08:28:53.997,3,4,dispense took ,3.3093309
2010-05-28,08:28:55.932,,,changing tips 1  2   took ,3.8353835
2010-05-28,08:28:55.957,3,4,tip shucking took ,1.9591959
2010-05-28,08:28:56.267,1,2,move source stage took ,0.3350335
2010-05-28,08:28:57.810,,,changing tips 3   took ,1.8531853
2010-05-28,08:28:59.812,1,2,aspirate took ,3.5453545
2010-05-28,08:29:00.257,3,,move source stage took ,0.3970397
2010-05-28,08:29:03.078,1,2,dispense took ,3.2663266
2010-05-28,08:29:03.715,3,,aspirate took ,3.4583458
2010-05-28,08:29:05.143,1,2,tip shucking took ,2.0652065
2010-05-28,08:29:07.019,,,changing tips 1   took ,1.8751875
2010-05-28,08:29:07.159,3,,dispense took ,3.4433443
2010-05-28,08:29:07.533,1,,move source stage took ,0.5140514
2010-05-28,08:29:09.147,3,,tip shucking took ,1.9881988
2010-05-28,08:29:11.093,1,,aspirate took ,3.560356
2010-05-28,08:29:14.364,1,,dispense took ,3.2713271
2010-05-28,08:29:16.334,1,,tip shucking took ,1.9691969
2010-05-28,08:29:18.208,,,Unloading plate 's3' to BB PM 3 took ,0.1080108
2010-05-28,08:29:24.059,,,changing tips 1  2   took ,5.8015801
2010-05-28,08:29:24.578,1,2,move source stage took ,0.5190519
2010-05-28,08:29:28.080,1,2,aspirate took ,3.5013501
2010-05-28,08:29:28.320,,,changing tips 3  4   took ,9.9619961
2010-05-28,08:29:28.615,3,4,move source stage took ,0.2950295
2010-05-28,08:29:31.604,1,2,dispense took ,3.5243524
2010-05-28,08:29:32.123,3,4,aspirate took ,3.5083508
2010-05-28,08:29:33.559,1,2,tip shucking took ,1.9551955
2010-05-28,08:29:35.505,3,4,dispense took ,3.3823382
2010-05-28,08:29:37.429,,,changing tips 1  2   took ,3.8693869
2010-05-28,08:29:37.455,3,4,tip shucking took ,1.9491949
2010-05-28,08:29:38.014,1,2,move source stage took ,0.5850585
2010-05-28,08:29:41.434,,,changing tips 3  4   took ,3.9793979
2010-05-28,08:29:41.498,1,2,aspirate took ,3.4843484
2010-05-28,08:29:41.875,3,4,move source stage took ,0.3410341
2010-05-28,08:29:44.800,1,2,dispense took ,3.3023302
2010-05-28,08:29:45.387,3,4,aspirate took ,3.5123512
2010-05-28,08:29:46.720,1,2,tip shucking took ,1.9191919
2010-05-28,08:29:48.705,3,4,dispense took ,3.3173317
2010-05-28,08:29:50.535,,,changing tips 1  2   took ,3.8153815
2010-05-28,08:29:50.653,3,4,tip shucking took ,1.9481948
2010-05-28,08:29:51.132,1,2,move source stage took ,0.5970597
2010-05-28,08:29:54.485,,,changing tips 3  4   took ,3.8323832
2010-05-28,08:29:54.636,1,2,aspirate took ,3.5043504
2010-05-28,08:29:55.086,3,4,move source stage took ,0.4010401
2010-05-28,08:29:57.926,1,2,dispense took ,3.2893289
2010-05-28,08:29:58.634,3,4,aspirate took ,3.5473547
2010-05-28,08:29:59.950,1,2,tip shucking took ,2.0242024
2010-05-28,08:30:02.001,3,4,dispense took ,3.3673367
2010-05-28,08:30:03.934,,,changing tips 1  2   took ,3.9843984
2010-05-28,08:30:03.971,3,4,tip shucking took ,1.970197
2010-05-28,08:30:04.511,1,2,move source stage took ,0.5770577
2010-05-28,08:30:07.997,1,2,aspirate took ,3.4853485
2010-05-28,08:30:08.008,,,changing tips 3  4   took ,4.0364036
2010-05-28,08:30:08.668,3,4,move source stage took ,0.660066
2010-05-28,08:30:11.321,1,2,dispense took ,3.3243324
2010-05-28,08:30:12.191,3,4,aspirate took ,3.5233523
2010-05-28,08:30:13.270,1,2,tip shucking took ,1.9491949
2010-05-28,08:30:15.586,3,4,dispense took ,3.3953395
2010-05-28,08:30:17.180,,,changing tips 1  2   took ,3.9093909
2010-05-28,08:30:17.546,3,4,tip shucking took ,1.9591959
2010-05-28,08:30:17.627,1,2,move source stage took ,0.4470447
2010-05-28,08:30:21.090,1,2,aspirate took ,3.4633463
2010-05-28,08:30:21.337,,,changing tips 3  4   took ,3.7913791
2010-05-28,08:30:21.908,3,4,move source stage took ,0.5710571
2010-05-28,08:30:24.448,1,2,dispense took ,3.3583358
2010-05-28,08:30:25.416,3,4,aspirate took ,3.5083508
2010-05-28,08:30:26.488,1,2,tip shucking took ,2.0392039
2010-05-28,08:30:28.740,3,4,dispense took ,3.3233323
2010-05-28,08:30:30.358,,,changing tips 1  2   took ,3.870387
2010-05-28,08:30:30.704,3,4,tip shucking took ,1.9641964
2010-05-28,08:30:30.885,1,2,move source stage took ,0.5250525
2010-05-28,08:30:34.393,1,2,aspirate took ,3.5083508
2010-05-28,08:30:34.435,,,changing tips 3  4   took ,3.7313731
2010-05-28,08:30:34.783,3,4,move source stage took ,0.3480348
2010-05-28,08:30:37.763,1,2,dispense took ,3.3693369
2010-05-28,08:30:38.322,3,4,aspirate took ,3.5383538
2010-05-28,08:30:39.821,1,2,tip shucking took ,2.0582058
2010-05-28,08:30:41.679,3,4,dispense took ,3.3573357
2010-05-28,08:30:43.633,3,4,tip shucking took ,1.9541954
2010-05-28,08:30:43.790,,,changing tips 1  2   took ,3.9693969
2010-05-28,08:30:44.139,1,2,move source stage took ,0.3490349
2010-05-28,08:30:47.596,1,2,aspirate took ,3.4563456
2010-05-28,08:30:47.673,,,changing tips 3  4   took ,4.0394039
2010-05-28,08:30:48.067,3,4,move source stage took ,0.3940394
2010-05-28,08:30:50.981,1,2,dispense took ,3.3853385
2010-05-28,08:30:51.615,3,4,aspirate took ,3.5483548
2010-05-28,08:30:52.900,1,2,tip shucking took ,1.9191919
2010-05-28,08:30:54.951,3,4,dispense took ,3.3363336
2010-05-28,08:30:56.772,,,changing tips 1  2   took ,3.8713871
2010-05-28,08:30:56.905,3,4,tip shucking took ,1.9531953
2010-05-28,08:30:57.071,1,2,move source stage took ,0.2990299
2010-05-28,08:31:00.548,1,2,aspirate took ,3.4773477
2010-05-28,08:31:00.755,,,changing tips 3  4   took ,3.850385
2010-05-28,08:31:01.395,3,4,move source stage took ,0.640064
2010-05-28,08:31:03.875,1,2,dispense took ,3.3273327
2010-05-28,08:31:04.983,3,4,aspirate took ,3.5883588
2010-05-28,08:31:05.807,1,2,tip shucking took ,1.9311931
2010-05-28,08:31:08.623,3,4,dispense took ,3.6393639
2010-05-28,08:31:09.676,,,changing tips 1  2   took ,3.8693869
2010-05-28,08:31:10.026,1,2,move source stage took ,0.350035
2010-05-28,08:31:10.542,3,4,tip shucking took ,1.9191919
2010-05-28,08:31:13.633,1,2,aspirate took ,3.6073607
2010-05-28,08:31:14.254,,,changing tips 3  4   took ,3.7123712
2010-05-28,08:31:14.829,3,4,move source stage took ,0.5750575
2010-05-28,08:31:17.011,1,2,dispense took ,3.3773377
2010-05-28,08:31:18.408,3,4,aspirate took ,3.5783578
2010-05-28,08:31:19.001,1,2,tip shucking took ,1.990199
2010-05-28,08:31:21.756,3,4,dispense took ,3.3483348
2010-05-28,08:31:23.014,,,changing tips 1  2   took ,4.0134013
2010-05-28,08:31:23.626,1,2,move source stage took ,0.6120612
2010-05-28,08:31:23.663,3,4,tip shucking took ,1.9071907
2010-05-28,08:31:27.072,1,2,aspirate took ,3.4453445
2010-05-28,08:31:27.512,,,changing tips 3  4   took ,3.8483848
2010-05-28,08:31:28.018,3,4,move source stage took ,0.5060506
2010-05-28,08:31:30.622,1,2,dispense took ,3.550355
2010-05-28,08:31:31.545,3,4,aspirate took ,3.5273527
2010-05-28,08:31:32.538,1,2,tip shucking took ,1.9161916
2010-05-28,08:31:34.902,3,4,dispense took ,3.3573357
2010-05-28,08:31:36.412,,,changing tips 1  2   took ,3.8733873
2010-05-28,08:31:36.848,1,2,move source stage took ,0.4360436
2010-05-28,08:31:36.876,3,4,tip shucking took ,1.9731973
2010-05-28,08:31:40.321,1,2,aspirate took ,3.4733473
2010-05-28,08:31:40.670,,,changing tips 3  4   took ,3.7943794
2010-05-28,08:31:41.189,3,4,move source stage took ,0.5190519
2010-05-28,08:31:43.752,1,2,dispense took ,3.4313431
2010-05-28,08:31:44.699,3,4,aspirate took ,3.510351
2010-05-28,08:31:45.761,1,2,tip shucking took ,2.0082008
2010-05-28,08:31:48.101,3,4,dispense took ,3.4013401
2010-05-28,08:31:49.594,,,changing tips 1  2   took ,3.8333833
2010-05-28,08:31:50.056,3,4,tip shucking took ,1.9551955
2010-05-28,08:31:50.122,1,2,move source stage took ,0.5280528
2010-05-28,08:31:51.913,,,changing tips 3   took ,1.8571857
2010-05-28,08:31:53.657,1,2,aspirate took ,3.5353535
2010-05-28,08:31:54.110,3,,move source stage took ,0.4470447
2010-05-28,08:31:57.022,1,2,dispense took ,3.3643364
2010-05-28,08:31:57.568,3,,aspirate took ,3.4573457
2010-05-28,08:31:59.042,1,2,tip shucking took ,2.020202
2010-05-28,08:32:00.924,,,changing tips 1   took ,1.8821882
2010-05-28,08:32:01.134,3,,dispense took ,3.5663566
2010-05-28,08:32:01.262,1,,move source stage took ,0.3380338
2010-05-28,08:32:03.107,3,,tip shucking took ,1.9731973
2010-05-28,08:32:04.825,1,,aspirate took ,3.5633563
2010-05-28,08:32:08.140,1,,dispense took ,3.3143314
2010-05-28,08:32:10.067,1,,tip shucking took ,1.9271927
2010-05-28,08:32:10.735,,,Unloading plate 's4' to BB PM 3 took ,0.1180118
2010-05-28,08:32:14.834,,,changing tips 1  2   took ,4.0494049
2010-05-28,08:32:15.361,1,2,move source stage took ,0.5270527
2010-05-28,08:32:18.732,,,changing tips 3  4   took ,7.9167916
2010-05-28,08:32:18.852,1,2,aspirate took ,3.490349
2010-05-28,08:32:19.275,3,4,move source stage took ,0.3930393
2010-05-28,08:32:22.107,1,2,dispense took ,3.2553255
2010-05-28,08:32:22.776,3,4,aspirate took ,3.5013501
2010-05-28,08:32:24.149,1,2,tip shucking took ,2.0422042
2010-05-28,08:32:26.102,3,4,dispense took ,3.3253325
2010-05-28,08:32:28.049,,,changing tips 1  2   took ,3.8993899
2010-05-28,08:32:28.063,3,4,tip shucking took ,1.9611961
2010-05-28,08:32:28.442,1,2,move source stage took ,0.3930393
2010-05-28,08:32:31.847,,,changing tips 3  4   took ,3.7843784
2010-05-28,08:32:31.938,1,2,aspirate took ,3.4963496
2010-05-28,08:32:32.438,3,4,move source stage took ,0.4910491
2010-05-28,08:32:35.258,1,2,dispense took ,3.320332
2010-05-28,08:32:36.024,3,4,aspirate took ,3.5853585
2010-05-28,08:32:37.199,1,2,tip shucking took ,1.940194
2010-05-28,08:32:39.368,3,4,dispense took ,3.3443344
2010-05-28,08:32:41.041,,,changing tips 1  2   took ,3.8423842
2010-05-28,08:32:41.336,3,4,tip shucking took ,1.9681968
2010-05-28,08:32:41.517,1,2,move source stage took ,0.4760476
2010-05-28,08:32:45.015,1,2,aspirate took ,3.4983498
2010-05-28,08:32:45.044,,,changing tips 3  4   took ,3.7083708
2010-05-28,08:32:45.355,3,4,move source stage took ,0.3110311
2010-05-28,08:32:48.317,1,2,dispense took ,3.3013301
2010-05-28,08:32:48.885,3,4,aspirate took ,3.5293529
2010-05-28,08:32:50.343,1,2,tip shucking took ,2.0262026
2010-05-28,08:32:52.318,3,4,dispense took ,3.4333433
2010-05-28,08:32:54.283,3,4,tip shucking took ,1.9651965
2010-05-28,08:32:54.322,,,changing tips 1  2   took ,3.9793979
2010-05-28,08:32:54.794,1,2,move source stage took ,0.4720472
2010-05-28,08:32:58.186,,,changing tips 3  4   took ,3.9023902
2010-05-28,08:32:58.281,1,2,aspirate took ,3.4863486
2010-05-28,08:32:58.642,3,4,move source stage took ,0.3560356
2010-05-28,08:33:01.584,1,2,dispense took ,3.3033303
2010-05-28,08:33:02.145,3,4,aspirate took ,3.5033503
2010-05-28,08:33:03.611,1,2,tip shucking took ,2.0272027
2010-05-28,08:33:05.514,3,4,dispense took ,3.3693369
2010-05-28,08:33:07.465,3,4,tip shucking took ,1.950195
2010-05-28,08:33:07.491,,,changing tips 1  2   took ,3.8793879
2010-05-28,08:33:07.898,1,2,move source stage took ,0.4070407
2010-05-28,08:33:11.300,,,changing tips 3  4   took ,3.8353835
2010-05-28,08:33:11.361,1,2,aspirate took ,3.4633463
2010-05-28,08:33:11.986,3,4,move source stage took ,0.5860586
2010-05-28,08:33:14.673,1,2,dispense took ,3.3123312
2010-05-28,08:33:15.510,3,4,aspirate took ,3.5243524
2010-05-28,08:33:16.719,1,2,tip shucking took ,2.0452045
2010-05-28,08:33:18.906,3,4,dispense took ,3.3953395
2010-05-28,08:33:20.522,,,changing tips 1  2   took ,3.8033803
2010-05-28,08:33:20.836,3,4,tip shucking took ,1.930193
2010-05-28,08:33:20.852,1,2,move source stage took ,0.330033
2010-05-28,08:33:24.343,1,2,aspirate took ,3.4913491
2010-05-28,08:33:24.532,,,changing tips 3  4   took ,3.6963696
2010-05-28,08:33:25.128,3,4,move source stage took ,0.5960596
2010-05-28,08:33:27.681,1,2,dispense took ,3.3373337
2010-05-28,08:33:28.714,3,4,aspirate took ,3.5853585
2010-05-28,08:33:29.624,1,2,tip shucking took ,1.9431943
2010-05-28,08:33:32.099,3,4,dispense took ,3.3853385
2010-05-28,08:33:33.613,,,changing tips 1  2   took ,3.9893989
2010-05-28,08:33:33.883,1,2,move source stage took ,0.270027
2010-05-28,08:33:34.076,3,4,tip shucking took ,1.9771977
2010-05-28,08:33:37.393,1,2,aspirate took ,3.5093509
2010-05-28,08:33:37.943,,,changing tips 3  4   took ,3.8663866
2010-05-28,08:33:38.634,3,4,move source stage took ,0.6910691
2010-05-28,08:33:40.742,1,2,dispense took ,3.3493349
2010-05-28,08:33:42.161,3,4,aspirate took ,3.5273527
2010-05-28,08:33:42.671,1,2,tip shucking took ,1.9291929
2010-05-28,08:33:45.574,3,4,dispense took ,3.4133413
2010-05-28,08:33:46.651,,,changing tips 1  2   took ,3.9793979
2010-05-28,08:33:47.313,1,2,move source stage took ,0.6620662
2010-05-28,08:33:47.515,3,4,tip shucking took ,1.940194
2010-05-28,08:33:50.901,1,2,aspirate took ,3.5883588
2010-05-28,08:33:51.342,,,changing tips 3  4   took ,3.8263826
2010-05-28,08:33:51.723,3,4,move source stage took ,0.3810381
2010-05-28,08:33:54.248,1,2,dispense took ,3.3473347
2010-05-28,08:33:55.263,3,4,aspirate took ,3.540354
2010-05-28,08:33:56.267,1,2,tip shucking took ,2.0182018
2010-05-28,08:33:58.943,3,4,dispense took ,3.6793679
2010-05-28,08:34:00.138,,,changing tips 1  2   took ,3.8713871
2010-05-28,08:34:00.729,1,2,move source stage took ,0.5910591
2010-05-28,08:34:00.868,3,4,tip shucking took ,1.9251925
2010-05-28,08:34:04.239,1,2,aspirate took ,3.510351
2010-05-28,08:34:04.579,,,changing tips 3  4   took ,3.7113711
2010-05-28,08:34:05.147,3,4,move source stage took ,0.5680568
2010-05-28,08:34:07.585,1,2,dispense took ,3.3453345
2010-05-28,08:34:08.709,3,4,aspirate took ,3.5613561
2010-05-28,08:34:09.507,1,2,tip shucking took ,1.9221922
2010-05-28,08:34:12.092,3,4,dispense took ,3.3833383
2010-05-28,08:34:13.531,,,changing tips 1  2   took ,4.0244024
2010-05-28,08:34:13.993,1,2,move source stage took ,0.4620462
2010-05-28,08:34:14.045,3,4,tip shucking took ,1.9531953
2010-05-28,08:34:17.462,1,2,aspirate took ,3.4683468
2010-05-28,08:34:17.917,,,changing tips 3  4   took ,3.8713871
2010-05-28,08:34:18.294,3,4,move source stage took ,0.3770377
2010-05-28,08:34:20.998,1,2,dispense took ,3.5363536
2010-05-28,08:34:21.806,3,4,aspirate took ,3.5123512
2010-05-28,08:34:22.912,1,2,tip shucking took ,1.9141914
2010-05-28,08:34:25.188,3,4,dispense took ,3.3823382
2010-05-28,08:34:26.785,,,changing tips 1  2   took ,3.8723872
2010-05-28,08:34:27.129,3,4,tip shucking took ,1.940194
2010-05-28,08:34:27.240,1,2,move source stage took ,0.4550455
2010-05-28,08:34:30.691,1,2,aspirate took ,3.4513451
2010-05-28,08:34:30.925,,,changing tips 3  4   took ,3.7963796
2010-05-28,08:34:31.461,3,4,move source stage took ,0.5360536
2010-05-28,08:34:34.054,1,2,dispense took ,3.3633363
2010-05-28,08:34:35.039,3,4,aspirate took ,3.5783578
2010-05-28,08:34:36.093,1,2,tip shucking took ,2.0382038
2010-05-28,08:34:38.489,3,4,dispense took ,3.4493449
2010-05-28,08:34:39.969,,,changing tips 1  2   took ,3.8763876
2010-05-28,08:34:40.297,1,2,move source stage took ,0.3280328
2010-05-28,08:34:40.458,3,4,tip shucking took ,1.9691969
2010-05-28,08:34:42.298,,,changing tips 3   took ,1.840184
2010-05-28,08:34:43.819,1,2,aspirate took ,3.5223522
2010-05-28,08:34:44.464,3,,move source stage took ,0.6160616
2010-05-28,08:34:47.219,1,2,dispense took ,3.3993399
2010-05-28,08:34:47.872,3,,aspirate took ,3.4073407
2010-05-28,08:34:49.161,1,2,tip shucking took ,1.9421942
2010-05-28,08:34:51.048,,,changing tips 1   took ,1.8871887
2010-05-28,08:34:51.362,3,,dispense took ,3.490349
2010-05-28,08:34:51.462,1,,move source stage took ,0.4140414
2010-05-28,08:34:53.231,3,,tip shucking took ,1.8691869
2010-05-28,08:34:55.010,1,,aspirate took ,3.5483548
2010-05-28,08:34:58.291,1,,dispense took ,3.280328
2010-05-28,08:35:00.207,1,,tip shucking took ,1.9161916
2010-05-28,08:35:02.116,,,Unloading plate 's5' to BB PM 3 took ,0.1140114
2010-05-28,08:35:07.949,,,changing tips 1  2   took ,5.7825782
2010-05-28,08:35:08.477,1,2,move source stage took ,0.5280528
2010-05-28,08:35:11.950,1,2,aspirate took ,3.4733473
2010-05-28,08:35:12.213,,,changing tips 3  4   took ,9.950995
2010-05-28,08:35:12.617,3,4,move source stage took ,0.4040404
2010-05-28,08:35:15.494,1,2,dispense took ,3.5443544
2010-05-28,08:35:16.136,3,4,aspirate took ,3.5183518
2010-05-28,08:35:17.581,1,2,tip shucking took ,2.0862086
2010-05-28,08:35:19.526,3,4,dispense took ,3.390339
2010-05-28,08:35:21.447,,,changing tips 1  2   took ,3.8663866
2010-05-28,08:35:21.491,3,4,tip shucking took ,1.9651965
2010-05-28,08:35:22.102,1,2,move source stage took ,0.6550655
2010-05-28,08:35:25.473,,,changing tips 3  4   took ,3.9823982
2010-05-28,08:35:25.603,1,2,aspirate took ,3.5013501
2010-05-28,08:35:26.110,3,4,move source stage took ,0.4860486
2010-05-28,08:35:28.960,1,2,dispense took ,3.3563356
2010-05-28,08:35:29.643,3,4,aspirate took ,3.5333533
2010-05-28,08:35:30.988,1,2,tip shucking took ,2.0282028
2010-05-28,08:35:32.988,3,4,dispense took ,3.3453345
2010-05-28,08:35:34.831,,,changing tips 1  2   took ,3.8433843
2010-05-28,08:35:34.939,3,4,tip shucking took ,1.9511951
2010-05-28,08:35:35.175,1,2,move source stage took ,0.3440344
2010-05-28,08:35:38.689,1,2,aspirate took ,3.5133513
2010-05-28,08:35:38.729,,,changing tips 3  4   took ,3.7893789
2010-05-28,08:35:39.130,3,4,move source stage took ,0.4010401
2010-05-28,08:35:42.002,1,2,dispense took ,3.3133313
2010-05-28,08:35:42.678,3,4,aspirate took ,3.5483548
2010-05-28,08:35:44.031,1,2,tip shucking took ,2.0292029
2010-05-28,08:35:46.052,3,4,dispense took ,3.3733373
2010-05-28,08:35:48.029,,,changing tips 1  2   took ,3.9973997
2010-05-28,08:35:48.043,3,4,tip shucking took ,1.9911991
2010-05-28,08:35:48.376,1,2,move source stage took ,0.3470347
2010-05-28,08:35:51.837,1,2,aspirate took ,3.4613461
2010-05-28,08:35:51.891,,,changing tips 3  4   took ,3.8483848
2010-05-28,08:35:52.532,3,4,move source stage took ,0.6410641
2010-05-28,08:35:55.144,1,2,dispense took ,3.3073307
2010-05-28,08:35:56.076,3,4,aspirate took ,3.5433543
2010-05-28,08:35:57.191,1,2,tip shucking took ,2.0462046
2010-05-28,08:35:59.511,3,4,dispense took ,3.4353435
2010-05-28,08:36:01.110,,,changing tips 1  2   took ,3.9193919
2010-05-28,08:36:01.479,3,4,tip shucking took ,1.9681968
2010-05-28,08:36:01.801,1,2,move source stage took ,0.6910691
2010-05-28,08:36:05.265,,,changing tips 3  4   took ,3.7863786
2010-05-28,08:36:05.273,1,2,aspirate took ,3.4723472
2010-05-28,08:36:05.720,3,4,move source stage took ,0.4040404
2010-05-28,08:36:08.562,1,2,dispense took ,3.2883288
2010-05-28,08:36:09.240,3,4,aspirate took ,3.520352
2010-05-28,08:36:10.591,1,2,tip shucking took ,2.0292029
2010-05-28,08:36:12.617,3,4,dispense took ,3.3773377
2010-05-28,08:36:14.425,,,changing tips 1  2   took ,3.8343834
2010-05-28,08:36:14.575,3,4,tip shucking took ,1.9581958
2010-05-28,08:36:14.916,1,2,move source stage took ,0.4910491
2010-05-28,08:36:18.345,,,changing tips 3  4   took ,3.7693769
2010-05-28,08:36:18.445,1,2,aspirate took ,3.5283528
2010-05-28,08:36:18.704,3,4,move source stage took ,0.2090209
2010-05-28,08:36:21.745,1,2,dispense took ,3.30033
2010-05-28,08:36:22.262,3,4,aspirate took ,3.5583558
2010-05-28,08:36:23.710,1,2,tip shucking took ,1.9651965
2010-05-28,08:36:25.623,3,4,dispense took ,3.3613361
2010-05-28,08:36:27.570,3,4,tip shucking took ,1.9461946
2010-05-28,08:36:27.693,,,changing tips 1  2   took ,3.9823982
2010-05-28,08:36:28.233,1,2,move source stage took ,0.540054
2010-05-28,08:36:31.598,,,changing tips 3  4   took ,4.0284028
2010-05-28,08:36:31.694,1,2,aspirate took ,3.4613461
2010-05-28,08:36:32.307,3,4,move source stage took ,0.6090609
2010-05-28,08:36:34.997,1,2,dispense took ,3.3033303
2010-05-28,08:36:35.804,3,4,aspirate took ,3.4963496
2010-05-28,08:36:36.962,1,2,tip shucking took ,1.9641964
2010-05-28,08:36:39.162,3,4,dispense took ,3.3583358
2010-05-28,08:36:40.857,,,changing tips 1  2   took ,3.8953895
2010-05-28,08:36:41.126,3,4,tip shucking took ,1.9641964
2010-05-28,08:36:41.485,1,2,move source stage took ,0.6280628
2010-05-28,08:36:44.910,,,changing tips 3  4   took ,3.7843784
2010-05-28,08:36:44.947,1,2,aspirate took ,3.4623462
2010-05-28,08:36:45.376,3,4,move source stage took ,0.4160416
2010-05-28,08:36:48.226,1,2,dispense took ,3.2783278
2010-05-28,08:36:48.920,3,4,aspirate took ,3.5433543
2010-05-28,08:36:50.148,1,2,tip shucking took ,1.9221922
2010-05-28,08:36:52.590,3,4,dispense took ,3.670367
2010-05-28,08:36:54.045,,,changing tips 1  2   took ,3.8973897
2010-05-28,08:36:54.499,3,4,tip shucking took ,1.9091909
2010-05-28,08:36:54.665,1,2,move source stage took ,0.620062
2010-05-28,08:36:58.189,1,2,aspirate took ,3.5233523
2010-05-28,08:36:58.210,,,changing tips 3  4   took ,3.710371
2010-05-28,08:36:58.949,3,4,move source stage took ,0.7390739
2010-05-28,08:37:01.543,1,2,dispense took ,3.3543354
2010-05-28,08:37:02.563,3,4,aspirate took ,3.6143614
2010-05-28,08:37:03.459,1,2,tip shucking took ,1.9161916
2010-05-28,08:37:05.940,3,4,dispense took ,3.3763376
2010-05-28,08:37:07.473,,,changing tips 1  2   took ,4.0134013
2010-05-28,08:37:07.875,3,4,tip shucking took ,1.9351935
2010-05-28,08:37:08.194,1,2,move source stage took ,0.7210721
2010-05-28,08:37:11.622,1,2,aspirate took ,3.4283428
2010-05-28,08:37:11.714,,,changing tips 3  4   took ,3.8393839
2010-05-28,08:37:12.445,3,4,move source stage took ,0.7310731
2010-05-28,08:37:15.145,1,2,dispense took ,3.5233523
2010-05-28,08:37:15.970,3,4,aspirate took ,3.5243524
2010-05-28,08:37:17.162,1,2,tip shucking took ,2.0162016
2010-05-28,08:37:19.367,3,4,dispense took ,3.3973397
2010-05-28,08:37:21.075,,,changing tips 1  2   took ,3.9133913
2010-05-28,08:37:21.316,3,4,tip shucking took ,1.9491949
2010-05-28,08:37:21.647,1,2,move source stage took ,0.5720572
2010-05-28,08:37:25.112,,,changing tips 3  4   took ,3.7963796
2010-05-28,08:37:25.123,1,2,aspirate took ,3.4763476
2010-05-28,08:37:25.514,3,4,move source stage took ,0.3520352
2010-05-28,08:37:28.547,1,2,dispense took ,3.4233423
2010-05-28,08:37:29.041,3,4,aspirate took ,3.5263526
2010-05-28,08:37:30.452,1,2,tip shucking took ,1.9051905
2010-05-28,08:37:32.471,3,4,dispense took ,3.430343
2010-05-28,08:37:34.269,,,changing tips 1  2   took ,3.8173817
2010-05-28,08:37:34.424,3,4,tip shucking took ,1.9531953
2010-05-28,08:37:34.600,1,2,move source stage took ,0.3310331
2010-05-28,08:37:36.278,,,changing tips 3   took ,1.8531853
2010-05-28,08:37:38.136,1,2,aspirate took ,3.5353535
2010-05-28,08:37:38.532,3,,move source stage took ,0.3540354
2010-05-28,08:37:41.441,1,2,dispense took ,3.3053305
2010-05-28,08:37:42.000,3,,aspirate took ,3.4683468
2010-05-28,08:37:43.492,1,2,tip shucking took ,2.0512051
2010-05-28,08:37:45.370,,,changing tips 1   took ,1.8781878
2010-05-28,08:37:45.504,3,,dispense took ,3.5043504
2010-05-28,08:37:45.705,1,,move source stage took ,0.3340334
2010-05-28,08:37:47.475,3,,tip shucking took ,1.970197
2010-05-28,08:37:49.267,1,,aspirate took ,3.5623562
2010-05-28,08:37:52.593,1,,dispense took ,3.3263326
2010-05-28,08:37:54.515,1,,tip shucking took ,1.9221922
2010-05-28,08:37:55.173,,,Unloading plate 's6' to BB PM 3 took ,0.1080108
2010-05-28,08:37:59.334,,,changing tips 1  2   took ,4.110411
2010-05-28,08:37:59.825,1,2,move source stage took ,0.4910491
2010-05-28,08:38:03.231,,,changing tips 3  4   took ,7.9517951
2010-05-28,08:38:03.256,1,2,aspirate took ,3.4313431
2010-05-28,08:38:03.780,3,4,move source stage took ,0.4990499
2010-05-28,08:38:06.545,1,2,dispense took ,3.2883288
2010-05-28,08:38:07.278,3,4,aspirate took ,3.4973497
2010-05-28,08:38:08.594,1,2,tip shucking took ,2.0492049
2010-05-28,08:38:10.624,3,4,dispense took ,3.3463346
2010-05-28,08:38:12.509,,,changing tips 1  2   took ,3.9153915
2010-05-28,08:38:12.594,3,4,tip shucking took ,1.970197
2010-05-28,08:38:12.865,1,2,move source stage took ,0.3560356
2010-05-28,08:38:16.336,1,2,aspirate took ,3.470347
2010-05-28,08:38:16.483,,,changing tips 3  4   took ,3.8883888
2010-05-28,08:38:17.199,3,4,move source stage took ,0.7160716
2010-05-28,08:38:19.675,1,2,dispense took ,3.3393339
2010-05-28,08:38:20.752,3,4,aspirate took ,3.5533553
2010-05-28,08:38:21.697,1,2,tip shucking took ,2.0222022
2010-05-28,08:38:24.138,3,4,dispense took ,3.3863386
2010-05-28,08:38:25.541,,,changing tips 1  2   took ,3.8443844
2010-05-28,08:38:26.037,1,2,move source stage took ,0.4950495
2010-05-28,08:38:26.106,3,4,tip shucking took ,1.9671967
2010-05-28,08:38:29.529,1,2,aspirate took ,3.4923492
2010-05-28,08:38:29.808,,,changing tips 3  4   took ,3.7023702
2010-05-28,08:38:30.258,3,4,move source stage took ,0.450045
2010-05-28,08:38:32.869,1,2,dispense took ,3.340334
2010-05-28,08:38:33.804,3,4,aspirate took ,3.5463546
2010-05-28,08:38:34.873,1,2,tip shucking took ,2.0042004
2010-05-28,08:38:37.179,3,4,dispense took ,3.3743374
2010-05-28,08:38:38.853,,,changing tips 1  2   took ,3.9793979
2010-05-28,08:38:39.182,3,4,tip shucking took ,2.0032003
2010-05-28,08:38:39.547,1,2,move source stage took ,0.6940694
2010-05-28,08:38:43.025,,,changing tips 3  4   took ,3.8433843
2010-05-28,08:38:43.058,1,2,aspirate took ,3.5113511
2010-05-28,08:38:43.395,3,4,move source stage took ,0.320032
2010-05-28,08:38:46.369,1,2,dispense took ,3.310331
2010-05-28,08:38:46.901,3,4,aspirate took ,3.5053505
2010-05-28,08:38:48.323,1,2,tip shucking took ,1.9541954
2010-05-28,08:38:50.291,3,4,dispense took ,3.390339
2010-05-28,08:38:52.243,,,changing tips 1  2   took ,3.920392
2010-05-28,08:38:52.267,3,4,tip shucking took ,1.9761976
2010-05-28,08:38:53.018,1,2,move source stage took ,0.7750775
2010-05-28,08:38:56.263,,,changing tips 3  4   took ,3.9953995
2010-05-28,08:38:56.520,1,2,aspirate took ,3.5013501
2010-05-28,08:38:57.074,3,4,move source stage took ,0.5110511
2010-05-28,08:38:59.826,1,2,dispense took ,3.3063306
2010-05-28,08:39:00.635,3,4,aspirate took ,3.5613561
2010-05-28,08:39:01.743,1,2,tip shucking took ,1.9171917
2010-05-28,08:39:04.026,3,4,dispense took ,3.3913391
2010-05-28,08:39:05.592,,,changing tips 1  2   took ,3.8493849
2010-05-28,08:39:05.993,3,4,tip shucking took ,1.9661966
2010-05-28,08:39:06.138,1,2,move source stage took ,0.5450545
2010-05-28,08:39:09.615,1,2,aspirate took ,3.4773477
2010-05-28,08:39:09.688,,,changing tips 3  4   took ,3.6953695
2010-05-28,08:39:10.027,3,4,move source stage took ,0.3390339
2010-05-28,08:39:12.945,1,2,dispense took ,3.330333
2010-05-28,08:39:13.574,3,4,aspirate took ,3.5473547
2010-05-28,08:39:14.951,1,2,tip shucking took ,2.0062006
2010-05-28,08:39:16.922,3,4,dispense took ,3.3473347
2010-05-28,08:39:18.905,3,4,tip shucking took ,1.9831983
2010-05-28,08:39:18.929,,,changing tips 1  2   took ,3.9773977
2010-05-28,08:39:19.476,1,2,move source stage took ,0.5470547
2010-05-28,08:39:22.808,,,changing tips 3  4   took ,3.9033903
2010-05-28,08:39:22.950,1,2,aspirate took ,3.4743474
2010-05-28,08:39:23.398,3,4,move source stage took ,0.440044
2010-05-28,08:39:26.232,1,2,dispense took ,3.2813281
2010-05-28,08:39:26.869,3,4,aspirate took ,3.470347
2010-05-28,08:39:28.252,1,2,tip shucking took ,2.020202
2010-05-28,08:39:30.244,3,4,dispense took ,3.3753375
2010-05-28,08:39:32.204,,,changing tips 1  2   took ,3.9523952
2010-05-28,08:39:32.223,3,4,tip shucking took ,1.9791979
2010-05-28,08:39:32.890,1,2,move source stage took ,0.6860686
2010-05-28,08:39:36.249,,,changing tips 3  4   took ,4.0254025
2010-05-28,08:39:36.377,1,2,aspirate took ,3.4863486
2010-05-28,08:39:36.694,3,4,move source stage took ,0.2950295
2010-05-28,08:39:39.692,1,2,dispense took ,3.3153315
2010-05-28,08:39:40.209,3,4,aspirate took ,3.5153515
2010-05-28,08:39:41.703,1,2,tip shucking took ,2.0112011
2010-05-28,08:39:43.795,3,4,dispense took ,3.5863586
2010-05-28,08:39:45.525,,,changing tips 1  2   took ,3.8223822
2010-05-28,08:39:45.717,3,4,tip shucking took ,1.9211921
2010-05-28,08:39:46.102,1,2,move source stage took ,0.5760576
2010-05-28,08:39:49.456,,,changing tips 3  4   took ,3.7393739
2010-05-28,08:39:49.605,1,2,aspirate took ,3.5033503
2010-05-28,08:39:49.865,3,4,move source stage took ,0.2590259
2010-05-28,08:39:52.981,1,2,dispense took ,3.3763376
2010-05-28,08:39:53.444,3,4,aspirate took ,3.5793579
2010-05-28,08:39:54.881,1,2,tip shucking took ,1.90019
2010-05-28,08:39:56.804,3,4,dispense took ,3.3593359
2010-05-28,08:39:58.736,3,4,tip shucking took ,1.9321932
2010-05-28,08:39:58.846,,,changing tips 1  2   took ,3.9643964
2010-05-28,08:39:59.328,1,2,move source stage took ,0.4820482
2010-05-28,08:40:02.716,,,changing tips 3  4   took ,3.980398
2010-05-28,08:40:02.832,1,2,aspirate took ,3.5043504
2010-05-28,08:40:03.352,3,4,move source stage took ,0.4860486
2010-05-28,08:40:06.373,1,2,dispense took ,3.540354
2010-05-28,08:40:06.835,3,4,aspirate took ,3.4823482
2010-05-28,08:40:08.382,1,2,tip shucking took ,2.0092009
2010-05-28,08:40:10.236,3,4,dispense took ,3.4013401
2010-05-28,08:40:12.174,3,4,tip shucking took ,1.9381938
2010-05-28,08:40:12.284,,,changing tips 1  2   took ,3.9023902
2010-05-28,08:40:12.628,1,2,move source stage took ,0.3440344
2010-05-28,08:40:16.097,1,2,aspirate took ,3.4683468
2010-05-28,08:40:16.112,,,changing tips 3  4   took ,3.9373937
2010-05-28,08:40:16.560,3,4,move source stage took ,0.4480448
2010-05-28,08:40:19.489,1,2,dispense took ,3.3923392
2010-05-28,08:40:20.065,3,4,aspirate took ,3.5053505
2010-05-28,08:40:21.502,1,2,tip shucking took ,2.0132013
2010-05-28,08:40:23.428,3,4,dispense took ,3.3633363
2010-05-28,08:40:23.452,,,changing tips 1   took ,1.950195
2010-05-28,08:40:23.751,1,,move source stage took ,0.2990299
2010-05-28,08:40:25.357,3,4,tip shucking took ,1.9291929
2010-05-28,08:40:27.218,1,,aspirate took ,3.4663466
2010-05-28,08:40:29.103,,,changing tips 2  3   took ,3.7453745
2010-05-28,08:40:29.608,2,3,move source stage took ,0.5050505
2010-05-28,08:40:30.575,1,,dispense took ,3.3573357
2010-05-28,08:40:32.495,1,,tip shucking took ,1.920192
2010-05-28,08:40:33.169,2,3,aspirate took ,3.5613561
2010-05-28,08:40:34.438,,,changing tips 1   took ,1.9431943
2010-05-28,08:40:34.947,1,,move source stage took ,0.5090509
2010-05-28,08:40:36.590,2,3,dispense took ,3.420342
2010-05-28,08:40:38.468,1,,aspirate took ,3.520352
2010-05-28,08:40:38.540,2,3,tip shucking took ,1.950195
2010-05-28,08:40:41.953,1,,dispense took ,3.4853485
2010-05-28,08:40:43.897,1,,tip shucking took ,1.9441944
2010-05-28,08:40:45.809,,,Unloading plate 's7' to BB PM 3 took ,0.110011
2010-05-28,08:40:51.645,,,changing tips 1  2   took ,5.7865786
2010-05-28,08:40:52.171,1,2,move source stage took ,0.5260526
2010-05-28,08:40:55.676,1,2,aspirate took ,3.5053505
2010-05-28,08:40:55.874,,,changing tips 3  4   took ,9.9249924
2010-05-28,08:40:56.224,3,4,move source stage took ,0.350035
2010-05-28,08:40:59.202,1,2,dispense took ,3.5253525
2010-05-28,08:40:59.756,3,4,aspirate took ,3.5323532
2010-05-28,08:41:01.244,1,2,tip shucking took ,2.0422042
2010-05-28,08:41:03.154,3,4,dispense took ,3.3983398
2010-05-28,08:41:05.126,3,4,tip shucking took ,1.9721972
2010-05-28,08:41:05.154,,,changing tips 1  2   took ,3.910391
2010-05-28,08:41:05.695,1,2,move source stage took ,0.5410541
2010-05-28,08:41:08.982,,,changing tips 3  4   took ,3.8553855
2010-05-28,08:41:09.177,1,2,aspirate took ,3.4813481
2010-05-28,08:41:09.670,3,4,move source stage took ,0.4880488
2010-05-28,08:41:12.510,1,2,dispense took ,3.3333333
2010-05-28,08:41:13.175,3,4,aspirate took ,3.5053505
2010-05-28,08:41:14.473,1,2,tip shucking took ,1.9631963
2010-05-28,08:41:16.478,3,4,dispense took ,3.3023302
2010-05-28,08:41:18.292,,,changing tips 1  2   took ,3.8183818
2010-05-28,08:41:18.448,3,4,tip shucking took ,1.970197
2010-05-28,08:41:18.790,1,2,move source stage took ,0.4980498
2010-05-28,08:41:22.222,,,changing tips 3  4   took ,3.7743774
2010-05-28,08:41:22.318,1,2,aspirate took ,3.5283528
2010-05-28,08:41:22.731,3,4,move source stage took ,0.4090409
2010-05-28,08:41:25.627,1,2,dispense took ,3.3093309
2010-05-28,08:41:26.309,3,4,aspirate took ,3.5773577
2010-05-28,08:41:27.657,1,2,tip shucking took ,2.0292029
2010-05-28,08:41:29.631,3,4,dispense took ,3.3223322
2010-05-28,08:41:31.577,3,4,tip shucking took ,1.9461946
2010-05-28,08:41:31.634,,,changing tips 1  2   took ,3.9773977
2010-05-28,08:41:32.185,1,2,move source stage took ,0.5510551
2010-05-28,08:41:35.575,,,changing tips 3  4   took ,3.9983998
2010-05-28,08:41:35.668,1,2,aspirate took ,3.4833483
2010-05-28,08:41:36.286,3,4,move source stage took ,0.610061
2010-05-28,08:41:38.965,1,2,dispense took ,3.2963296
2010-05-28,08:41:39.835,3,4,aspirate took ,3.5493549
2010-05-28,08:41:40.992,1,2,tip shucking took ,2.0272027
2010-05-28,08:41:43.190,3,4,dispense took ,3.3553355
2010-05-28,08:41:44.889,,,changing tips 1  2   took ,3.8973897
2010-05-28,08:41:45.157,3,4,tip shucking took ,1.9671967
2010-05-28,08:41:45.412,1,2,move source stage took ,0.5230523
2010-05-28,08:41:48.883,1,2,aspirate took ,3.470347
2010-05-28,08:41:48.919,,,changing tips 3  4   took ,3.7613761
2010-05-28,08:41:49.427,3,4,move source stage took ,0.5080508
2010-05-28,08:41:52.196,1,2,dispense took ,3.3133313
2010-05-28,08:41:52.974,3,4,aspirate took ,3.5473547
2010-05-28,08:41:54.143,1,2,tip shucking took ,1.9471947
2010-05-28,08:41:56.291,3,4,dispense took ,3.3163316
2010-05-28,08:41:57.984,,,changing tips 1  2   took ,3.840384
2010-05-28,08:41:58.249,3,4,tip shucking took ,1.9581958
2010-05-28,08:41:58.615,1,2,move source stage took ,0.6310631
2010-05-28,08:42:01.961,,,changing tips 3  4   took ,3.7123712
2010-05-28,08:42:02.109,1,2,aspirate took ,3.4943494
2010-05-28,08:42:02.661,3,4,move source stage took ,0.550055
2010-05-28,08:42:05.452,1,2,dispense took ,3.3433343
2010-05-28,08:42:06.250,3,4,aspirate took ,3.5883588
2010-05-28,08:42:07.500,1,2,tip shucking took ,2.0472047
2010-05-28,08:42:09.611,3,4,dispense took ,3.3613361
2010-05-28,08:42:11.474,,,changing tips 1  2   took ,3.9733973
2010-05-28,08:42:11.574,3,4,tip shucking took ,1.9631963
2010-05-28,08:42:11.875,1,2,move source stage took ,0.4010401
2010-05-28,08:42:15.369,1,2,aspirate took ,3.4943494
2010-05-28,08:42:15.529,,,changing tips 3  4   took ,3.9553955
2010-05-28,08:42:16.032,3,4,move source stage took ,0.5020502
2010-05-28,08:42:18.680,1,2,dispense took ,3.310331
2010-05-28,08:42:19.533,3,4,aspirate took ,3.5013501
2010-05-28,08:42:20.731,1,2,tip shucking took ,2.0512051
2010-05-28,08:42:22.857,3,4,dispense took ,3.3243324
2010-05-28,08:42:24.644,,,changing tips 1  2   took ,3.9133913
2010-05-28,08:42:24.817,3,4,tip shucking took ,1.960196
2010-05-28,08:42:25.206,1,2,move source stage took ,0.5620562
2010-05-28,08:42:28.663,,,changing tips 3  4   took ,3.8453845
2010-05-28,08:42:28.678,1,2,aspirate took ,3.4713471
2010-05-28,08:42:29.373,3,4,move source stage took ,0.660066
2010-05-28,08:42:32.003,1,2,dispense took ,3.3253325
2010-05-28,08:42:32.936,3,4,aspirate took ,3.5633563
2010-05-28,08:42:33.935,1,2,tip shucking took ,1.9321932
2010-05-28,08:42:36.597,3,4,dispense took ,3.660366
2010-05-28,08:42:37.804,,,changing tips 1  2   took ,3.8683868
2010-05-28,08:42:38.175,1,2,move source stage took ,0.3710371
2010-05-28,08:42:38.503,3,4,tip shucking took ,1.9061906
2010-05-28,08:42:41.687,1,2,aspirate took ,3.5123512
2010-05-28,08:42:42.241,,,changing tips 3  4   took ,3.7383738
2010-05-28,08:42:42.593,3,4,move source stage took ,0.3520352
2010-05-28,08:42:45.051,1,2,dispense took ,3.3643364
2010-05-28,08:42:46.183,3,4,aspirate took ,3.5893589
2010-05-28,08:42:47.032,1,2,tip shucking took ,1.980198
2010-05-28,08:42:49.564,3,4,dispense took ,3.3813381
2010-05-28,08:42:50.998,,,changing tips 1  2   took ,3.9663966
2010-05-28,08:42:51.484,3,4,tip shucking took ,1.920192
2010-05-28,08:42:51.521,1,2,move source stage took ,0.5230523
2010-05-28,08:42:54.983,1,2,aspirate took ,3.4623462
2010-05-28,08:42:55.341,,,changing tips 3  4   took ,3.8573857
2010-05-28,08:42:55.897,3,4,move source stage took ,0.5550555
2010-05-28,08:42:58.539,1,2,dispense took ,3.5553555
2010-05-28,08:42:59.424,3,4,aspirate took ,3.5273527
2010-05-28,08:43:00.456,1,2,tip shucking took ,1.9171917
2010-05-28,08:43:02.922,3,4,dispense took ,3.4983498
2010-05-28,08:43:04.395,,,changing tips 1  2   took ,3.9393939
2010-05-28,08:43:04.865,3,4,tip shucking took ,1.9431943
2010-05-28,08:43:04.980,1,2,move source stage took ,0.5850585
2010-05-28,08:43:08.453,1,2,aspirate took ,3.4723472
2010-05-28,08:43:08.664,,,changing tips 3  4   took ,3.7983798
2010-05-28,08:43:09.169,3,4,move source stage took ,0.5050505
2010-05-28,08:43:11.819,1,2,dispense took ,3.3663366
2010-05-28,08:43:12.725,3,4,aspirate took ,3.5563556
2010-05-28,08:43:13.832,1,2,tip shucking took ,2.0132013
2010-05-28,08:43:16.083,3,4,dispense took ,3.3573357
2010-05-28,08:43:17.658,,,changing tips 1  2   took ,3.8253825
2010-05-28,08:43:18.027,3,4,tip shucking took ,1.9441944
2010-05-28,08:43:18.243,1,2,move source stage took ,0.5850585
2010-05-28,08:43:19.908,,,changing tips 3   took ,1.8811881
2010-05-28,08:43:21.779,1,2,aspirate took ,3.5363536
2010-05-28,08:43:22.462,3,,move source stage took ,0.6540654
2010-05-28,08:43:25.088,1,2,dispense took ,3.3093309
2010-05-28,08:43:25.939,3,,aspirate took ,3.4763476
2010-05-28,08:43:27.118,1,2,tip shucking took ,2.0292029
2010-05-28,08:43:29.014,,,changing tips 1   took ,1.8961896
2010-05-28,08:43:29.409,3,,dispense took ,3.470347
2010-05-28,08:43:29.514,1,,move source stage took ,0.50005
2010-05-28,08:43:31.291,3,,tip shucking took ,1.8821882
2010-05-28,08:43:32.963,1,,aspirate took ,3.4493449
2010-05-28,08:43:36.236,1,,dispense took ,3.2723272
2010-05-28,08:43:38.168,1,,tip shucking took ,1.9321932
2010-05-28,08:43:38.833,,,Unloading plate 's8' to BB PM 3 took ,0.1150115
2010-05-28,08:43:42.937,,,changing tips 1  2   took ,4.0544054
2010-05-28,08:43:43.452,1,2,move source stage took ,0.5150515
2010-05-28,08:43:46.792,,,changing tips 3  4   took ,7.8837883
2010-05-28,08:43:46.882,1,2,aspirate took ,3.4293429
2010-05-28,08:43:47.238,3,4,move source stage took ,0.3460346
2010-05-28,08:43:50.155,1,2,dispense took ,3.2733273
2010-05-28,08:43:50.756,3,4,aspirate took ,3.5183518
2010-05-28,08:43:52.193,1,2,tip shucking took ,2.0382038
2010-05-28,08:43:54.117,3,4,dispense took ,3.3613361
2010-05-28,08:43:56.081,,,changing tips 1  2   took ,3.8873887
2010-05-28,08:43:56.084,3,4,tip shucking took ,1.9661966
2010-05-28,08:43:56.731,1,2,move source stage took ,0.650065
2010-05-28,08:43:59.930,,,changing tips 3  4   took ,3.8463846
2010-05-28,08:44:00.232,1,2,aspirate took ,3.5013501
2010-05-28,08:44:00.665,3,4,move source stage took ,0.3850385
2010-05-28,08:44:03.539,1,2,dispense took ,3.3073307
2010-05-28,08:44:04.244,3,4,aspirate took ,3.5793579
2010-05-28,08:44:05.477,1,2,tip shucking took ,1.9381938
2010-05-28,08:44:07.681,3,4,dispense took ,3.4363436
2010-05-28,08:44:09.322,,,changing tips 1  2   took ,3.8443844
2010-05-28,08:44:09.636,3,4,tip shucking took ,1.9551955
2010-05-28,08:44:09.651,1,2,move source stage took ,0.3290329
2010-05-28,08:44:13.189,1,2,aspirate took ,3.5383538
2010-05-28,08:44:13.332,,,changing tips 3  4   took ,3.6963696
2010-05-28,08:44:13.641,3,4,move source stage took ,0.3090309
2010-05-28,08:44:16.556,1,2,dispense took ,3.3663366
2010-05-28,08:44:17.181,3,4,aspirate took ,3.5393539
2010-05-28,08:44:18.562,1,2,tip shucking took ,2.0062006
2010-05-28,08:44:20.612,3,4,dispense took ,3.4313431
2010-05-28,08:44:22.548,,,changing tips 1  2   took ,3.9863986
2010-05-28,08:44:22.583,3,4,tip shucking took ,1.9711971
2010-05-28,08:44:23.098,1,2,move source stage took ,0.550055
2010-05-28,08:44:26.591,,,changing tips 3  4   took ,4.0074007
2010-05-28,08:44:26.601,1,2,aspirate took ,3.5023502
2010-05-28,08:44:27.047,3,4,move source stage took ,0.4060406
2010-05-28,08:44:29.927,1,2,dispense took ,3.3263326
2010-05-28,08:44:30.534,3,4,aspirate took ,3.4873487
2010-05-28,08:44:31.944,1,2,tip shucking took ,2.0172017
2010-05-28,08:44:33.907,3,4,dispense took ,3.3733373
2010-05-28,08:44:35.833,,,changing tips 1  2   took ,3.8883888
2010-05-28,08:44:35.874,3,4,tip shucking took ,1.9661966
2010-05-28,08:44:36.480,1,2,move source stage took ,0.6470647
2010-05-28,08:44:39.832,,,changing tips 3  4   took ,3.9583958
2010-05-28,08:44:39.926,1,2,aspirate took ,3.4463446
2010-05-28,08:44:40.642,3,4,move source stage took ,0.710071
2010-05-28,08:44:43.196,1,2,dispense took ,3.270327
2010-05-28,08:44:44.161,3,4,aspirate took ,3.5193519
2010-05-28,08:44:45.250,1,2,tip shucking took ,2.0542054
2010-05-28,08:44:47.509,3,4,dispense took ,3.3473347
2010-05-28,08:44:49.085,,,changing tips 1  2   took ,3.8343834
2010-05-28,08:44:49.411,1,2,move source stage took ,0.3260326
2010-05-28,08:44:49.455,3,4,tip shucking took ,1.9461946
2010-05-28,08:44:52.889,1,2,aspirate took ,3.4783478
2010-05-28,08:44:53.208,,,changing tips 3  4   took ,3.7533753
2010-05-28,08:44:53.707,3,4,move source stage took ,0.4990499
2010-05-28,08:44:56.217,1,2,dispense took ,3.3273327
2010-05-28,08:44:57.276,3,4,aspirate took ,3.5683568
2010-05-28,08:44:58.251,1,2,tip shucking took ,2.0342034
2010-05-28,08:45:00.701,3,4,dispense took ,3.4253425
2010-05-28,08:45:02.271,,,changing tips 1  2   took ,4.0194019
2010-05-28,08:45:02.647,3,4,tip shucking took ,1.9461946
2010-05-28,08:45:02.784,1,2,move source stage took ,0.5130513
2010-05-28,08:45:06.240,1,2,aspirate took ,3.4553455
2010-05-28,08:45:06.499,,,changing tips 3  4   took ,3.8513851
2010-05-28,08:45:06.749,3,4,move source stage took ,0.250025
2010-05-28,08:45:09.615,1,2,dispense took ,3.3753375
2010-05-28,08:45:10.242,3,4,aspirate took ,3.4933493
2010-05-28,08:45:11.645,1,2,tip shucking took ,2.030203
2010-05-28,08:45:13.599,3,4,dispense took ,3.3573357
2010-05-28,08:45:15.532,,,changing tips 1  2   took ,3.8873887
2010-05-28,08:45:15.552,3,4,tip shucking took ,1.9531953
2010-05-28,08:45:16.288,1,2,move source stage took ,0.7550755
2010-05-28,08:45:19.513,,,changing tips 3  4   took ,3.960396
2010-05-28,08:45:19.804,1,2,aspirate took ,3.5163516
2010-05-28,08:45:20.209,3,4,move source stage took ,0.3960396
2010-05-28,08:45:23.107,1,2,dispense took ,3.3033303
2010-05-28,08:45:23.740,3,4,aspirate took ,3.5313531
2010-05-28,08:45:25.138,1,2,tip shucking took ,2.0312031
2010-05-28,08:45:27.349,3,4,dispense took ,3.6083608
2010-05-28,08:45:28.991,,,changing tips 1  2   took ,3.8523852
2010-05-28,08:45:29.289,3,4,tip shucking took ,1.940194
2010-05-28,08:45:29.341,1,2,move source stage took ,0.350035
2010-05-28,08:45:32.856,1,2,aspirate took ,3.5153515
2010-05-28,08:45:32.993,,,changing tips 3  4   took ,3.7043704
2010-05-28,08:45:33.399,3,4,move source stage took ,0.4060406
2010-05-28,08:45:36.207,1,2,dispense took ,3.350335
2010-05-28,08:45:36.968,3,4,aspirate took ,3.5683568
2010-05-28,08:45:38.115,1,2,tip shucking took ,1.9081908
2010-05-28,08:45:40.305,3,4,dispense took ,3.3373337
2010-05-28,08:45:42.097,,,changing tips 1  2   took ,3.9823982
2010-05-28,08:45:42.245,3,4,tip shucking took ,1.940194
2010-05-28,08:45:42.527,1,2,move source stage took ,0.430043
2010-05-28,08:45:45.980,1,2,aspirate took ,3.4523452
2010-05-28,08:45:46.147,,,changing tips 3  4   took ,3.9013901
2010-05-28,08:45:46.541,3,4,move source stage took ,0.3940394
2010-05-28,08:45:49.469,1,2,dispense took ,3.4893489
2010-05-28,08:45:50.075,3,4,aspirate took ,3.5343534
2010-05-28,08:45:51.399,1,2,tip shucking took ,1.930193
2010-05-28,08:45:53.543,3,4,dispense took ,3.4683468
2010-05-28,08:45:55.291,,,changing tips 1  2   took ,3.8923892
2010-05-28,08:45:55.504,3,4,tip shucking took ,1.9611961
2010-05-28,08:45:55.620,1,2,move source stage took ,0.3290329
2010-05-28,08:45:59.072,1,2,aspirate took ,3.4513451
2010-05-28,08:45:59.307,,,changing tips 3  4   took ,3.8023802
2010-05-28,08:45:59.648,3,4,move source stage took ,0.3410341
2010-05-28,08:46:02.444,1,2,dispense took ,3.3723372
2010-05-28,08:46:03.161,3,4,aspirate took ,3.5133513
2010-05-28,08:46:04.465,1,2,tip shucking took ,2.0212021
2010-05-28,08:46:06.686,3,4,dispense took ,3.5243524
2010-05-28,08:46:08.279,,,changing tips 1  2   took ,3.8133813
2010-05-28,08:46:08.628,1,2,move source stage took ,0.3490349
2010-05-28,08:46:08.645,3,4,tip shucking took ,1.9591959
2010-05-28,08:46:10.475,,,changing tips 3   took ,1.830183
2010-05-28,08:46:12.147,1,2,aspirate took ,3.5193519
2010-05-28,08:46:12.713,3,,move source stage took ,0.5370537
2010-05-28,08:46:15.419,1,2,dispense took ,3.2723272
2010-05-28,08:46:16.181,3,,aspirate took ,3.4673467
2010-05-28,08:46:17.373,1,2,tip shucking took ,1.9531953
2010-05-28,08:46:19.268,,,changing tips 1   took ,1.8951895
2010-05-28,08:46:19.626,1,,move source stage took ,0.3580358
2010-05-28,08:46:19.668,3,,dispense took ,3.4873487
2010-05-28,08:46:21.539,3,,tip shucking took ,1.8711871
2010-05-28,08:46:23.181,1,,aspirate took ,3.5553555
2010-05-28,08:46:26.475,1,,dispense took ,3.2933293
2010-05-28,08:46:28.405,1,,tip shucking took ,1.930193
