2010-05-28,07:46:27.480,,,Unloading plate 's1' to BB PM 3 took ,0.4440444
2010-05-28,07:46:31.058,,,changing tips 1  2   took ,3.5023502
2010-05-28,07:46:31.597,1,2,move source stage took ,0.5090509
2010-05-28,07:46:34.105,,,changing tips 3  4   took ,6.4136413
2010-05-28,07:46:35.201,1,2,aspirate took ,3.6043604
2010-05-28,07:46:35.597,3,4,move source stage took ,0.3910391
2010-05-28,07:46:38.808,1,2,dispense took ,3.6063606
2010-05-28,07:46:39.118,3,4,aspirate took ,3.5213521
2010-05-28,07:46:40.797,1,2,tip shucking took ,1.9871987
2010-05-28,07:46:42.510,3,4,dispense took ,3.3923392
2010-05-28,07:46:43.510,,,changing tips 1  2   took ,2.7122712
2010-05-28,07:46:43.927,1,2,move source stage took ,0.4170417
2010-05-28,07:46:44.554,3,4,tip shucking took ,2.0442044
2010-05-28,07:46:47.245,,,changing tips 3  4   took ,2.690269
2010-05-28,07:46:47.465,1,2,aspirate took ,3.5373537
2010-05-28,07:46:48.206,3,4,move source stage took ,0.7110711
2010-05-28,07:46:50.767,1,2,dispense took ,3.3023302
2010-05-28,07:46:51.734,3,4,aspirate took ,3.5283528
2010-05-28,07:46:52.795,1,2,tip shucking took ,2.0282028
2010-05-28,07:46:55.195,3,4,dispense took ,3.4613461
2010-05-28,07:46:55.560,,,changing tips 1  2   took ,2.7642764
2010-05-28,07:46:56.112,1,2,move source stage took ,0.5520552
2010-05-28,07:46:57.232,3,4,tip shucking took ,2.0362036
2010-05-28,07:46:59.589,1,2,aspirate took ,3.4773477
2010-05-28,07:47:00.041,,,changing tips 3  4   took ,2.8092809
2010-05-28,07:47:00.553,3,4,move source stage took ,0.5120512
2010-05-28,07:47:02.892,1,2,dispense took ,3.3033303
2010-05-28,07:47:04.099,3,4,aspirate took ,3.5463546
2010-05-28,07:47:04.820,1,2,tip shucking took ,1.9281928
2010-05-28,07:47:07.476,3,4,dispense took ,3.3763376
2010-05-28,07:47:07.546,,,changing tips 1  2   took ,2.7252725
2010-05-28,07:47:08.005,1,2,move source stage took ,0.4590459
2010-05-28,07:47:09.533,3,4,tip shucking took ,2.0572057
2010-05-28,07:47:11.502,1,2,aspirate took ,3.4973497
2010-05-28,07:47:12.295,,,changing tips 3  4   took ,2.7622762
2010-05-28,07:47:12.665,3,4,move source stage took ,0.370037
2010-05-28,07:47:14.879,1,2,dispense took ,3.3773377
2010-05-28,07:47:16.169,3,4,aspirate took ,3.5033503
2010-05-28,07:47:16.836,1,2,tip shucking took ,1.9561956
2010-05-28,07:47:19.540,3,4,dispense took ,3.3713371
2010-05-28,07:47:19.585,,,changing tips 1  2   took ,2.7492749
2010-05-28,07:47:20.186,1,2,move source stage took ,0.6010601
2010-05-28,07:47:21.480,3,4,tip shucking took ,1.940194
2010-05-28,07:47:23.677,1,2,aspirate took ,3.4913491
2010-05-28,07:47:24.201,,,changing tips 3  4   took ,2.7212721
2010-05-28,07:47:24.678,3,4,move source stage took ,0.4770477
2010-05-28,07:47:27.065,1,2,dispense took ,3.3873387
2010-05-28,07:47:28.242,3,4,aspirate took ,3.5633563
2010-05-28,07:47:28.992,1,2,tip shucking took ,1.9271927
2010-05-28,07:47:31.589,3,4,dispense took ,3.3473347
2010-05-28,07:47:31.761,,,changing tips 1  2   took ,2.7692769
2010-05-28,07:47:32.302,1,2,move source stage took ,0.5410541
2010-05-28,07:47:33.513,3,4,tip shucking took ,1.9241924
2010-05-28,07:47:35.740,1,2,aspirate took ,3.4373437
2010-05-28,07:47:36.273,,,changing tips 3  4   took ,2.7592759
2010-05-28,07:47:36.631,3,4,move source stage took ,0.3580358
2010-05-28,07:47:39.096,1,2,dispense took ,3.3563356
2010-05-28,07:47:40.172,3,4,aspirate took ,3.5413541
2010-05-28,07:47:41.055,1,2,tip shucking took ,1.9591959
2010-05-28,07:47:43.504,3,4,dispense took ,3.3323332
2010-05-28,07:47:43.780,,,changing tips 1  2   took ,2.7252725
2010-05-28,07:47:44.120,1,2,move source stage took ,0.340034
2010-05-28,07:47:45.441,3,4,tip shucking took ,1.9361936
2010-05-28,07:47:47.613,1,2,aspirate took ,3.4923492
2010-05-28,07:47:48.159,,,changing tips 3  4   took ,2.7182718
2010-05-28,07:47:48.701,3,4,move source stage took ,0.5420542
2010-05-28,07:47:50.929,1,2,dispense took ,3.3163316
2010-05-28,07:47:52.228,3,4,aspirate took ,3.5273527
2010-05-28,07:47:52.952,1,2,tip shucking took ,2.0232023
2010-05-28,07:47:55.575,3,4,dispense took ,3.3463346
2010-05-28,07:47:55.731,,,changing tips 1  2   took ,2.7782778
2010-05-28,07:47:55.929,1,2,move source stage took ,0.1980198
2010-05-28,07:47:57.496,3,4,tip shucking took ,1.9211921
2010-05-28,07:47:59.398,1,2,aspirate took ,3.4693469
2010-05-28,07:48:00.168,,,changing tips 3  4   took ,2.6712671
2010-05-28,07:48:00.526,3,4,move source stage took ,0.3580358
2010-05-28,07:48:02.708,1,2,dispense took ,3.310331
2010-05-28,07:48:04.097,3,4,aspirate took ,3.5713571
2010-05-28,07:48:04.736,1,2,tip shucking took ,2.0282028
2010-05-28,07:48:07.526,,,changing tips 1  2   took ,2.7892789
2010-05-28,07:48:07.678,3,4,dispense took ,3.580358
2010-05-28,07:48:07.944,1,2,move source stage took ,0.4180418
2010-05-28,07:48:09.562,3,4,tip shucking took ,1.8841884
2010-05-28,07:48:11.421,1,2,aspirate took ,3.4773477
2010-05-28,07:48:12.365,,,changing tips 3  4   took ,2.8032803
2010-05-28,07:48:12.871,3,4,move source stage took ,0.5060506
2010-05-28,07:48:14.804,1,2,dispense took ,3.3833383
2010-05-28,07:48:16.424,3,4,aspirate took ,3.5523552
2010-05-28,07:48:16.788,1,2,tip shucking took ,1.9831983
2010-05-28,07:48:19.512,,,changing tips 1  2   took ,2.7242724
2010-05-28,07:48:19.709,3,4,dispense took ,3.2853285
2010-05-28,07:48:20.123,1,2,move source stage took ,0.6110611
2010-05-28,07:48:21.622,3,4,tip shucking took ,1.9131913
2010-05-28,07:48:23.639,1,2,aspirate took ,3.5163516
2010-05-28,07:48:24.338,,,changing tips 3  4   took ,2.7162716
2010-05-28,07:48:24.683,3,4,move source stage took ,0.3450345
2010-05-28,07:48:27.204,1,2,dispense took ,3.5643564
2010-05-28,07:48:28.224,3,4,aspirate took ,3.540354
2010-05-28,07:48:29.210,1,2,tip shucking took ,2.0062006
2010-05-28,07:48:31.532,3,4,dispense took ,3.3083308
2010-05-28,07:48:31.957,,,changing tips 1  2   took ,2.7472747
2010-05-28,07:48:32.602,1,2,move source stage took ,0.6450645
2010-05-28,07:48:33.472,3,4,tip shucking took ,1.940194
2010-05-28,07:48:36.122,1,2,aspirate took ,3.5193519
2010-05-28,07:48:36.224,,,changing tips 3  4   took ,2.7512751
2010-05-28,07:48:36.647,3,4,move source stage took ,0.4230423
2010-05-28,07:48:39.522,1,2,dispense took ,3.40034
2010-05-28,07:48:40.160,3,4,aspirate took ,3.5133513
2010-05-28,07:48:41.550,1,2,tip shucking took ,2.0282028
2010-05-28,07:48:43.541,3,4,dispense took ,3.3813381
2010-05-28,07:48:44.315,,,changing tips 1  2   took ,2.7652765
2010-05-28,07:48:44.613,1,2,move source stage took ,0.2980298
2010-05-28,07:48:45.483,3,4,tip shucking took ,1.9411941
2010-05-28,07:48:47.645,,,changing tips 3   took ,2.1622162
2010-05-28,07:48:48.062,1,2,aspirate took ,3.4483448
2010-05-28,07:48:48.356,3,,move source stage took ,0.260026
2010-05-28,07:48:51.390,1,2,dispense took ,3.3283328
2010-05-28,07:48:51.829,3,,aspirate took ,3.4733473
2010-05-28,07:48:53.410,1,2,tip shucking took ,2.020202
2010-05-28,07:48:55.300,,,changing tips 1   took ,1.890189
2010-05-28,07:48:55.319,3,,dispense took ,3.4893489
2010-05-28,07:48:55.638,1,,move source stage took ,0.3370337
2010-05-28,07:48:57.309,3,,tip shucking took ,1.9891989
2010-05-28,07:48:59.189,1,,aspirate took ,3.5513551
2010-05-28,07:49:02.506,1,,dispense took ,3.3173317
2010-05-28,07:49:04.425,1,,tip shucking took ,1.9191919
2010-05-28,07:49:05.033,,,Unloading plate 's2' to BB PM 3 took ,0.1080108
2010-05-28,07:49:08.302,,,changing tips 1  2   took ,3.2183218
2010-05-28,07:49:08.791,1,2,move source stage took ,0.4890489
2010-05-28,07:49:11.079,,,changing tips 3  4   took ,5.9515951
2010-05-28,07:49:12.359,1,2,aspirate took ,3.5683568
2010-05-28,07:49:12.943,3,4,move source stage took ,0.5640564
2010-05-28,07:49:15.736,1,2,dispense took ,3.3763376
2010-05-28,07:49:16.440,3,4,aspirate took ,3.4963496
2010-05-28,07:49:17.699,1,2,tip shucking took ,1.9631963
2010-05-28,07:49:19.770,3,4,dispense took ,3.330333
2010-05-28,07:49:20.444,,,changing tips 1  2   took ,2.7452745
2010-05-28,07:49:21.195,1,2,move source stage took ,0.7510751
2010-05-28,07:49:21.806,3,4,tip shucking took ,2.0362036
2010-05-28,07:49:24.511,,,changing tips 3  4   took ,2.7052705
2010-05-28,07:49:24.744,1,2,aspirate took ,3.5493549
2010-05-28,07:49:25.460,3,4,move source stage took ,0.6980698
2010-05-28,07:49:28.050,1,2,dispense took ,3.3053305
2010-05-28,07:49:28.984,3,4,aspirate took ,3.5243524
2010-05-28,07:49:30.076,1,2,tip shucking took ,2.0262026
2010-05-28,07:49:32.331,3,4,dispense took ,3.3473347
2010-05-28,07:49:32.867,,,changing tips 1  2   took ,2.7912791
2010-05-28,07:49:33.382,1,2,move source stage took ,0.5150515
2010-05-28,07:49:34.289,3,4,tip shucking took ,1.9581958
2010-05-28,07:49:36.812,1,2,aspirate took ,3.4293429
2010-05-28,07:49:37.129,,,changing tips 3  4   took ,2.8392839
2010-05-28,07:49:37.498,3,4,move source stage took ,0.3690369
2010-05-28,07:49:40.128,1,2,dispense took ,3.3163316
2010-05-28,07:49:41.008,3,4,aspirate took ,3.510351
2010-05-28,07:49:42.059,1,2,tip shucking took ,1.9311931
2010-05-28,07:49:44.333,3,4,dispense took ,3.3253325
2010-05-28,07:49:44.771,,,changing tips 1  2   took ,2.7122712
2010-05-28,07:49:45.111,1,2,move source stage took ,0.340034
2010-05-28,07:49:46.262,3,4,tip shucking took ,1.9281928
2010-05-28,07:49:48.595,1,2,aspirate took ,3.4833483
2010-05-28,07:49:49.029,,,changing tips 3  4   took ,2.7672767
2010-05-28,07:49:49.372,3,4,move source stage took ,0.3430343
2010-05-28,07:49:51.950,1,2,dispense took ,3.3553355
2010-05-28,07:49:52.905,3,4,aspirate took ,3.5333533
2010-05-28,07:49:53.875,1,2,tip shucking took ,1.9251925
2010-05-28,07:49:56.240,3,4,dispense took ,3.3343334
2010-05-28,07:49:56.666,,,changing tips 1  2   took ,2.790279
2010-05-28,07:49:56.913,1,2,move source stage took ,0.2470247
2010-05-28,07:49:58.172,3,4,tip shucking took ,1.9321932
2010-05-28,07:50:00.359,1,2,aspirate took ,3.4463446
2010-05-28,07:50:00.922,,,changing tips 3  4   took ,2.750275
2010-05-28,07:50:01.313,3,4,move source stage took ,0.3910391
2010-05-28,07:50:03.707,1,2,dispense took ,3.3483348
2010-05-28,07:50:04.837,3,4,aspirate took ,3.5243524
2010-05-28,07:50:05.749,1,2,tip shucking took ,2.0412041
2010-05-28,07:50:08.207,3,4,dispense took ,3.3693369
2010-05-28,07:50:08.572,,,changing tips 1  2   took ,2.8232823
2010-05-28,07:50:09.190,1,2,move source stage took ,0.6180618
2010-05-28,07:50:10.151,3,4,tip shucking took ,1.9441944
2010-05-28,07:50:12.661,1,2,aspirate took ,3.4713471
2010-05-28,07:50:12.925,,,changing tips 3  4   took ,2.7742774
2010-05-28,07:50:13.586,3,4,move source stage took ,0.6610661
2010-05-28,07:50:16.046,1,2,dispense took ,3.3843384
2010-05-28,07:50:17.090,3,4,aspirate took ,3.5033503
2010-05-28,07:50:17.980,1,2,tip shucking took ,1.9341934
2010-05-28,07:50:20.544,3,4,dispense took ,3.4543454
2010-05-28,07:50:20.721,,,changing tips 1  2   took ,2.7412741
2010-05-28,07:50:21.135,1,2,move source stage took ,0.4140414
2010-05-28,07:50:22.484,3,4,tip shucking took ,1.940194
2010-05-28,07:50:24.616,1,2,aspirate took ,3.4813481
2010-05-28,07:50:25.221,,,changing tips 3  4   took ,2.7372737
2010-05-28,07:50:25.498,3,4,move source stage took ,0.2760276
2010-05-28,07:50:27.916,1,2,dispense took ,3.2993299
2010-05-28,07:50:29.065,3,4,aspirate took ,3.5673567
2010-05-28,07:50:29.943,1,2,tip shucking took ,2.0272027
2010-05-28,07:50:32.416,3,4,dispense took ,3.3513351
2010-05-28,07:50:32.729,,,changing tips 1  2   took ,2.7862786
2010-05-28,07:50:33.221,1,2,move source stage took ,0.4910491
2010-05-28,07:50:34.355,3,4,tip shucking took ,1.9391939
2010-05-28,07:50:36.687,1,2,aspirate took ,3.4653465
2010-05-28,07:50:37.095,,,changing tips 3  4   took ,2.7392739
2010-05-28,07:50:37.628,3,4,move source stage took ,0.5330533
2010-05-28,07:50:40.001,1,2,dispense took ,3.3143314
2010-05-28,07:50:41.125,3,4,aspirate took ,3.4973497
2010-05-28,07:50:42.046,1,2,tip shucking took ,2.0452045
2010-05-28,07:50:44.688,3,4,dispense took ,3.5633563
2010-05-28,07:50:44.868,,,changing tips 1  2   took ,2.8222822
2010-05-28,07:50:45.148,1,2,move source stage took ,0.280028
2010-05-28,07:50:46.601,3,4,tip shucking took ,1.9121912
2010-05-28,07:50:48.596,1,2,aspirate took ,3.4473447
2010-05-28,07:50:49.395,,,changing tips 3  4   took ,2.7942794
2010-05-28,07:50:49.646,3,4,move source stage took ,0.2510251
2010-05-28,07:50:51.948,1,2,dispense took ,3.3523352
2010-05-28,07:50:53.162,3,4,aspirate took ,3.5163516
2010-05-28,07:50:53.980,1,2,tip shucking took ,2.0322032
2010-05-28,07:50:56.504,3,4,dispense took ,3.3413341
2010-05-28,07:50:56.708,,,changing tips 1  2   took ,2.7272727
2010-05-28,07:50:56.971,1,2,move source stage took ,0.2630263
2010-05-28,07:50:58.423,3,4,tip shucking took ,1.9191919
2010-05-28,07:51:00.463,1,2,aspirate took ,3.4923492
2010-05-28,07:51:01.172,,,changing tips 3  4   took ,2.7492749
2010-05-28,07:51:01.481,3,4,move source stage took ,0.3090309
2010-05-28,07:51:03.917,1,2,dispense took ,3.4543454
2010-05-28,07:51:05.055,3,4,aspirate took ,3.5743574
2010-05-28,07:51:05.854,1,2,tip shucking took ,1.9361936
2010-05-28,07:51:08.450,3,4,dispense took ,3.3943394
2010-05-28,07:51:08.644,,,changing tips 1  2   took ,2.790279
2010-05-28,07:51:09.133,1,2,move source stage took ,0.4890489
2010-05-28,07:51:10.490,3,4,tip shucking took ,2.040204
2010-05-28,07:51:12.605,1,2,aspirate took ,3.4723472
2010-05-28,07:51:13.209,,,changing tips 3  4   took ,2.7192719
2010-05-28,07:51:13.600,3,4,move source stage took ,0.3910391
2010-05-28,07:51:15.891,1,2,dispense took ,3.2853285
2010-05-28,07:51:17.055,3,4,aspirate took ,3.4543454
2010-05-28,07:51:17.849,1,2,tip shucking took ,1.9581958
2010-05-28,07:51:20.328,3,4,dispense took ,3.2733273
2010-05-28,07:51:20.681,,,changing tips 1  2   took ,2.8322832
2010-05-28,07:51:20.994,1,2,move source stage took ,0.3130313
2010-05-28,07:51:22.275,3,4,tip shucking took ,1.9471947
2010-05-28,07:51:24.436,,,changing tips 3   took ,2.1612161
2010-05-28,07:51:24.455,1,2,aspirate took ,3.4613461
2010-05-28,07:51:24.885,3,,move source stage took ,0.3990399
2010-05-28,07:51:27.704,1,2,dispense took ,3.2483248
2010-05-28,07:51:28.346,3,,aspirate took ,3.460346
2010-05-28,07:51:29.672,1,2,tip shucking took ,1.9681968
2010-05-28,07:51:31.559,,,changing tips 1   took ,1.8871887
2010-05-28,07:51:31.768,3,,dispense took ,3.4223422
2010-05-28,07:51:32.070,1,,move source stage took ,0.5110511
2010-05-28,07:51:33.752,3,,tip shucking took ,1.9841984
2010-05-28,07:51:35.508,1,,aspirate took ,3.4373437
2010-05-28,07:51:38.750,1,,dispense took ,3.2423242
2010-05-28,07:51:40.718,1,,tip shucking took ,1.9681968
2010-05-28,07:51:42.601,,,Unloading plate 's3' to BB PM 3 took ,0.0990099
2010-05-28,07:51:48.444,,,changing tips 1  2   took ,5.7925792
2010-05-28,07:51:48.951,1,2,move source stage took ,0.5070507
2010-05-28,07:51:51.739,,,changing tips 3  4   took ,8.9658965
2010-05-28,07:51:52.453,1,2,aspirate took ,3.5023502
2010-05-28,07:51:52.772,3,4,move source stage took ,0.2830283
2010-05-28,07:51:55.951,1,2,dispense took ,3.4973497
2010-05-28,07:51:56.318,3,4,aspirate took ,3.5453545
2010-05-28,07:51:57.920,1,2,tip shucking took ,1.9691969
2010-05-28,07:51:59.703,3,4,dispense took ,3.3853385
2010-05-28,07:52:00.633,,,changing tips 1  2   took ,2.7132713
2010-05-28,07:52:01.018,1,2,move source stage took ,0.3850385
2010-05-28,07:52:01.746,3,4,tip shucking took ,2.0432043
2010-05-28,07:52:04.490,,,changing tips 3  4   took ,2.7442744
2010-05-28,07:52:04.502,1,2,aspirate took ,3.4843484
2010-05-28,07:52:04.879,3,4,move source stage took ,0.3390339
2010-05-28,07:52:07.762,1,2,dispense took ,3.2593259
2010-05-28,07:52:08.392,3,4,aspirate took ,3.5123512
2010-05-28,07:52:09.679,1,2,tip shucking took ,1.9171917
2010-05-28,07:52:11.778,3,4,dispense took ,3.3863386
2010-05-28,07:52:12.463,,,changing tips 1  2   took ,2.7842784
2010-05-28,07:52:13.037,1,2,move source stage took ,0.5740574
2010-05-28,07:52:13.812,3,4,tip shucking took ,2.0342034
2010-05-28,07:52:16.489,1,2,aspirate took ,3.4513451
2010-05-28,07:52:16.880,,,changing tips 3  4   took ,3.0673067
2010-05-28,07:52:17.301,3,4,move source stage took ,0.4210421
2010-05-28,07:52:19.759,1,2,dispense took ,3.270327
2010-05-28,07:52:20.829,3,4,aspirate took ,3.5283528
2010-05-28,07:52:21.792,1,2,tip shucking took ,2.0332033
2010-05-28,07:52:24.172,3,4,dispense took ,3.3433343
2010-05-28,07:52:24.584,,,changing tips 1  2   took ,2.7922792
2010-05-28,07:52:25.158,1,2,move source stage took ,0.5740574
2010-05-28,07:52:26.133,3,4,tip shucking took ,1.960196
2010-05-28,07:52:28.624,1,2,aspirate took ,3.4653465
2010-05-28,07:52:29.132,,,changing tips 3  4   took ,2.9992999
2010-05-28,07:52:29.806,3,4,move source stage took ,0.6740674
2010-05-28,07:52:31.962,1,2,dispense took ,3.3383338
2010-05-28,07:52:33.366,3,4,aspirate took ,3.560356
2010-05-28,07:52:33.909,1,2,tip shucking took ,1.9471947
2010-05-28,07:52:36.701,,,changing tips 1  2   took ,2.7912791
2010-05-28,07:52:36.765,3,4,dispense took ,3.3983398
2010-05-28,07:52:37.153,1,2,move source stage took ,0.4520452
2010-05-28,07:52:38.697,3,4,tip shucking took ,1.9321932
2010-05-28,07:52:40.641,1,2,aspirate took ,3.4883488
2010-05-28,07:52:41.410,,,changing tips 3  4   took ,2.7132713
2010-05-28,07:52:41.986,3,4,move source stage took ,0.5760576
2010-05-28,07:52:43.959,1,2,dispense took ,3.3183318
2010-05-28,07:52:45.514,3,4,aspirate took ,3.5273527
2010-05-28,07:52:45.985,1,2,tip shucking took ,2.0252025
2010-05-28,07:52:48.753,,,changing tips 1  2   took ,2.7682768
2010-05-28,07:52:48.799,3,4,dispense took ,3.2853285
2010-05-28,07:52:49.271,1,2,move source stage took ,0.5180518
2010-05-28,07:52:50.817,3,4,tip shucking took ,2.0182018
2010-05-28,07:52:52.717,1,2,aspirate took ,3.4463446
2010-05-28,07:52:53.885,,,changing tips 3  4   took ,3.0683068
2010-05-28,07:52:54.231,3,4,move source stage took ,0.3460346
2010-05-28,07:52:56.058,1,2,dispense took ,3.340334
2010-05-28,07:52:57.798,3,4,aspirate took ,3.5663566
2010-05-28,07:52:58.107,1,2,tip shucking took ,2.0492049
2010-05-28,07:53:00.892,,,changing tips 1  2   took ,2.7852785
2010-05-28,07:53:01.115,3,4,dispense took ,3.3173317
2010-05-28,07:53:01.249,1,2,move source stage took ,0.3570357
2010-05-28,07:53:03.095,3,4,tip shucking took ,1.980198
2010-05-28,07:53:04.740,1,2,aspirate took ,3.4913491
2010-05-28,07:53:06.113,,,changing tips 3  4   took ,3.0173017
2010-05-28,07:53:06.480,3,4,move source stage took ,0.3670367
2010-05-28,07:53:08.094,1,2,dispense took ,3.3533353
2010-05-28,07:53:09.981,3,4,aspirate took ,3.5013501
2010-05-28,07:53:10.114,1,2,tip shucking took ,2.020202
2010-05-28,07:53:12.863,,,changing tips 1  2   took ,2.7492749
2010-05-28,07:53:13.164,1,2,move source stage took ,0.3010301
2010-05-28,07:53:13.288,3,4,dispense took ,3.3073307
2010-05-28,07:53:15.257,3,4,tip shucking took ,1.9691969
2010-05-28,07:53:16.681,1,2,aspirate took ,3.5163516
2010-05-28,07:53:17.996,,,changing tips 3  4   took ,2.7382738
2010-05-28,07:53:18.619,3,4,move source stage took ,0.6230623
2010-05-28,07:53:20.032,1,2,dispense took ,3.3513351
2010-05-28,07:53:22.051,1,2,tip shucking took ,2.0192019
2010-05-28,07:53:22.136,3,4,aspirate took ,3.5173517
2010-05-28,07:53:24.839,,,changing tips 1  2   took ,2.7882788
2010-05-28,07:53:25.169,1,2,move source stage took ,0.330033
2010-05-28,07:53:25.882,3,4,dispense took ,3.7453745
2010-05-28,07:53:27.797,3,4,tip shucking took ,1.9151915
2010-05-28,07:53:28.662,1,2,aspirate took ,3.4923492
2010-05-28,07:53:30.858,,,changing tips 3  4   took ,3.0613061
2010-05-28,07:53:31.431,3,4,move source stage took ,0.5730573
2010-05-28,07:53:32.006,1,2,dispense took ,3.3443344
2010-05-28,07:53:33.919,1,2,tip shucking took ,1.9131913
2010-05-28,07:53:34.952,3,4,aspirate took ,3.5213521
2010-05-28,07:53:36.729,,,changing tips 1  2   took ,2.8092809
2010-05-28,07:53:37.319,1,2,move source stage took ,0.590059
2010-05-28,07:53:38.309,3,4,dispense took ,3.3563356
2010-05-28,07:53:40.207,3,4,tip shucking took ,1.8981898
2010-05-28,07:53:40.788,1,2,aspirate took ,3.4693469
2010-05-28,07:53:43.193,,,changing tips 3  4   took ,2.9862986
2010-05-28,07:53:43.694,3,4,move source stage took ,0.5010501
2010-05-28,07:53:44.335,1,2,dispense took ,3.5473547
2010-05-28,07:53:46.261,1,2,tip shucking took ,1.9251925
2010-05-28,07:53:47.186,3,4,aspirate took ,3.4913491
2010-05-28,07:53:49.027,,,changing tips 1  2   took ,2.7662766
2010-05-28,07:53:49.455,1,2,move source stage took ,0.4280428
2010-05-28,07:53:50.464,3,4,dispense took ,3.2783278
2010-05-28,07:53:52.378,3,4,tip shucking took ,1.9141914
2010-05-28,07:53:52.938,1,2,aspirate took ,3.4833483
2010-05-28,07:53:55.137,,,changing tips 3  4   took ,2.7592759
2010-05-28,07:53:55.631,3,4,move source stage took ,0.4930493
2010-05-28,07:53:56.369,1,2,dispense took ,3.430343
2010-05-28,07:53:58.332,1,2,tip shucking took ,1.9631963
2010-05-28,07:53:59.148,3,4,aspirate took ,3.5173517
2010-05-28,07:54:01.167,,,changing tips 1  2   took ,2.8352835
2010-05-28,07:54:01.665,1,2,move source stage took ,0.4980498
2010-05-28,07:54:02.539,3,4,dispense took ,3.3913391
2010-05-28,07:54:04.478,3,4,tip shucking took ,1.9391939
2010-05-28,07:54:05.135,1,2,aspirate took ,3.470347
2010-05-28,07:54:06.616,,,changing tips 3   took ,2.1372137
2010-05-28,07:54:06.996,3,,move source stage took ,0.380038
2010-05-28,07:54:08.564,1,2,dispense took ,3.4283428
2010-05-28,07:54:10.480,3,,aspirate took ,3.4843484
2010-05-28,07:54:10.580,1,2,tip shucking took ,2.0162016
2010-05-28,07:54:12.469,,,changing tips 1   took ,1.8891889
2010-05-28,07:54:12.794,1,,move source stage took ,0.3250325
2010-05-28,07:54:14.112,3,,dispense took ,3.6323632
2010-05-28,07:54:16.072,3,,tip shucking took ,1.9591959
2010-05-28,07:54:16.320,1,,aspirate took ,3.5253525
2010-05-28,07:54:19.632,1,,dispense took ,3.3123312
2010-05-28,07:54:21.557,1,,tip shucking took ,1.9251925
2010-05-28,07:54:22.233,,,Unloading plate 's4' to BB PM 3 took ,0.1260126
2010-05-28,07:54:25.448,,,changing tips 1  2   took ,3.1643164
2010-05-28,07:54:25.964,1,2,move source stage took ,0.5160516
2010-05-28,07:54:28.212,,,changing tips 3  4   took ,5.7325732
2010-05-28,07:54:29.476,1,2,aspirate took ,3.5123512
2010-05-28,07:54:29.905,3,4,move source stage took ,0.3930393
2010-05-28,07:54:32.772,1,2,dispense took ,3.2963296
2010-05-28,07:54:33.405,3,4,aspirate took ,3.50035
2010-05-28,07:54:34.720,1,2,tip shucking took ,1.9481948
2010-05-28,07:54:36.797,3,4,dispense took ,3.3913391
2010-05-28,07:54:37.501,,,changing tips 1  2   took ,2.780278
2010-05-28,07:54:37.870,1,2,move source stage took ,0.3690369
2010-05-28,07:54:38.758,3,4,tip shucking took ,1.9611961
2010-05-28,07:54:41.341,1,2,aspirate took ,3.4713471
2010-05-28,07:54:41.471,,,changing tips 3  4   took ,2.7132713
2010-05-28,07:54:41.948,3,4,move source stage took ,0.4770477
2010-05-28,07:54:44.659,1,2,dispense took ,3.3183318
2010-05-28,07:54:45.477,3,4,aspirate took ,3.5283528
2010-05-28,07:54:46.695,1,2,tip shucking took ,2.0352035
2010-05-28,07:54:48.837,3,4,dispense took ,3.360336
2010-05-28,07:54:49.504,,,changing tips 1  2   took ,2.8092809
2010-05-28,07:54:49.978,1,2,move source stage took ,0.4740474
2010-05-28,07:54:50.774,3,4,tip shucking took ,1.9371937
2010-05-28,07:54:53.445,1,2,aspirate took ,3.4673467
2010-05-28,07:54:53.563,,,changing tips 3  4   took ,2.7892789
2010-05-28,07:54:53.877,3,4,move source stage took ,0.3140314
2010-05-28,07:54:56.726,1,2,dispense took ,3.280328
2010-05-28,07:54:57.344,3,4,aspirate took ,3.4663466
2010-05-28,07:54:58.730,1,2,tip shucking took ,2.0042004
2010-05-28,07:55:00.717,3,4,dispense took ,3.3733373
2010-05-28,07:55:01.445,,,changing tips 1  2   took ,2.7152715
2010-05-28,07:55:01.942,1,2,move source stage took ,0.4970497
2010-05-28,07:55:02.772,3,4,tip shucking took ,2.0552055
2010-05-28,07:55:05.408,1,2,aspirate took ,3.4663466
2010-05-28,07:55:05.515,,,changing tips 3  4   took ,2.7422742
2010-05-28,07:55:05.859,3,4,move source stage took ,0.3440344
2010-05-28,07:55:08.725,1,2,dispense took ,3.3163316
2010-05-28,07:55:09.355,3,4,aspirate took ,3.4963496
2010-05-28,07:55:10.762,1,2,tip shucking took ,2.0372037
2010-05-28,07:55:12.709,3,4,dispense took ,3.3543354
2010-05-28,07:55:13.564,,,changing tips 1  2   took ,2.8022802
2010-05-28,07:55:13.994,1,2,move source stage took ,0.430043
2010-05-28,07:55:14.647,3,4,tip shucking took ,1.9381938
2010-05-28,07:55:17.438,,,changing tips 3  4   took ,2.790279
2010-05-28,07:55:17.540,1,2,aspirate took ,3.5453545
2010-05-28,07:55:18.176,3,4,move source stage took ,0.5880588
2010-05-28,07:55:20.879,1,2,dispense took ,3.3393339
2010-05-28,07:55:21.675,3,4,aspirate took ,3.4993499
2010-05-28,07:55:22.899,1,2,tip shucking took ,2.020202
2010-05-28,07:55:25.028,3,4,dispense took ,3.3533353
2010-05-28,07:55:25.708,,,changing tips 1  2   took ,2.8082808
2010-05-28,07:55:26.023,1,2,move source stage took ,0.3150315
2010-05-28,07:55:27.054,3,4,tip shucking took ,2.0252025
2010-05-28,07:55:29.462,1,2,aspirate took ,3.4393439
2010-05-28,07:55:29.848,,,changing tips 3  4   took ,2.7942794
2010-05-28,07:55:30.446,3,4,move source stage took ,0.5980598
2010-05-28,07:55:32.869,1,2,dispense took ,3.4073407
2010-05-28,07:55:33.975,3,4,aspirate took ,3.5293529
2010-05-28,07:55:34.815,1,2,tip shucking took ,1.9461946
2010-05-28,07:55:37.293,3,4,dispense took ,3.3173317
2010-05-28,07:55:37.566,,,changing tips 1  2   took ,2.750275
2010-05-28,07:55:37.799,1,2,move source stage took ,0.2330233
2010-05-28,07:55:39.226,3,4,tip shucking took ,1.9331933
2010-05-28,07:55:41.300,1,2,aspirate took ,3.5013501
2010-05-28,07:55:41.965,,,changing tips 3  4   took ,2.7392739
2010-05-28,07:55:42.678,3,4,move source stage took ,0.7130713
2010-05-28,07:55:44.614,1,2,dispense took ,3.3143314
2010-05-28,07:55:46.253,3,4,aspirate took ,3.5743574
2010-05-28,07:55:46.637,1,2,tip shucking took ,2.0222022
2010-05-28,07:55:49.419,,,changing tips 1  2   took ,2.7822782
2010-05-28,07:55:49.591,3,4,dispense took ,3.3383338
2010-05-28,07:55:50.046,1,2,move source stage took ,0.6270627
2010-05-28,07:55:51.632,3,4,tip shucking took ,2.0412041
2010-05-28,07:55:53.532,1,2,aspirate took ,3.4863486
2010-05-28,07:55:54.370,,,changing tips 3  4   took ,2.7382738
2010-05-28,07:55:54.694,3,4,move source stage took ,0.3240324
2010-05-28,07:55:56.901,1,2,dispense took ,3.3683368
2010-05-28,07:55:58.249,3,4,aspirate took ,3.5543554
2010-05-28,07:55:58.801,1,2,tip shucking took ,1.90019
2010-05-28,07:56:01.600,,,changing tips 1  2   took ,2.7992799
2010-05-28,07:56:01.800,3,4,dispense took ,3.5513551
2010-05-28,07:56:02.172,1,2,move source stage took ,0.5720572
2010-05-28,07:56:03.707,3,4,tip shucking took ,1.9071907
2010-05-28,07:56:05.620,1,2,aspirate took ,3.4473447
2010-05-28,07:56:06.512,,,changing tips 3  4   took ,2.8042804
2010-05-28,07:56:07.061,3,4,move source stage took ,0.5490549
2010-05-28,07:56:08.943,1,2,dispense took ,3.3233323
2010-05-28,07:56:10.599,3,4,aspirate took ,3.5383538
2010-05-28,07:56:10.949,1,2,tip shucking took ,2.0062006
2010-05-28,07:56:13.684,,,changing tips 1  2   took ,2.7352735
2010-05-28,07:56:13.908,3,4,dispense took ,3.3093309
2010-05-28,07:56:14.097,1,2,move source stage took ,0.4130413
2010-05-28,07:56:15.816,3,4,tip shucking took ,1.9071907
2010-05-28,07:56:17.565,1,2,aspirate took ,3.4673467
2010-05-28,07:56:18.541,,,changing tips 3  4   took ,2.7252725
2010-05-28,07:56:18.903,3,4,move source stage took ,0.3620362
2010-05-28,07:56:21.127,1,2,dispense took ,3.5623562
2010-05-28,07:56:22.451,3,4,aspirate took ,3.5483548
2010-05-28,07:56:23.140,1,2,tip shucking took ,2.0132013
2010-05-28,07:56:25.828,3,4,dispense took ,3.3763376
2010-05-28,07:56:25.953,,,changing tips 1  2   took ,2.8122812
2010-05-28,07:56:26.382,1,2,move source stage took ,0.4290429
2010-05-28,07:56:27.846,3,4,tip shucking took ,2.0182018
2010-05-28,07:56:29.856,1,2,aspirate took ,3.4743474
2010-05-28,07:56:30.538,,,changing tips 3  4   took ,2.6922692
2010-05-28,07:56:31.078,3,4,move source stage took ,0.540054
2010-05-28,07:56:33.249,1,2,dispense took ,3.3933393
2010-05-28,07:56:34.622,3,4,aspirate took ,3.5443544
2010-05-28,07:56:35.272,1,2,tip shucking took ,2.0232023
2010-05-28,07:56:38.058,3,4,dispense took ,3.4353435
2010-05-28,07:56:38.097,,,changing tips 1  2   took ,2.8242824
2010-05-28,07:56:38.393,1,2,move source stage took ,0.2960296
2010-05-28,07:56:40.027,3,4,tip shucking took ,1.9691969
2010-05-28,07:56:41.845,1,2,aspirate took ,3.4523452
2010-05-28,07:56:42.180,,,changing tips 3   took ,2.1532153
2010-05-28,07:56:42.844,3,,move source stage took ,0.6640664
2010-05-28,07:56:45.241,1,2,dispense took ,3.3963396
2010-05-28,07:56:46.297,3,,aspirate took ,3.4523452
2010-05-28,07:56:47.290,1,2,tip shucking took ,2.0482048
2010-05-28,07:56:49.203,,,changing tips 1   took ,1.9131913
2010-05-28,07:56:49.612,1,,move source stage took ,0.4090409
2010-05-28,07:56:49.747,3,,dispense took ,3.450345
2010-05-28,07:56:51.628,3,,tip shucking took ,1.8811881
2010-05-28,07:56:53.100,1,,aspirate took ,3.4883488
2010-05-28,07:56:56.387,1,,dispense took ,3.2863286
2010-05-28,07:56:58.307,1,,tip shucking took ,1.920192
2010-05-28,07:57:00.253,,,Unloading plate 's5' to BB PM 3 took ,0.1160116
2010-05-28,07:57:06.025,,,changing tips 1  2   took ,5.7215721
2010-05-28,07:57:06.569,1,2,move source stage took ,0.5440544
2010-05-28,07:57:09.298,,,changing tips 3  4   took ,8.9528952
2010-05-28,07:57:10.050,1,2,aspirate took ,3.4813481
2010-05-28,07:57:10.422,3,4,move source stage took ,0.3240324
2010-05-28,07:57:13.598,1,2,dispense took ,3.5483548
2010-05-28,07:57:13.943,3,4,aspirate took ,3.5213521
2010-05-28,07:57:15.552,1,2,tip shucking took ,1.9531953
2010-05-28,07:57:17.316,3,4,dispense took ,3.3723372
2010-05-28,07:57:18.293,,,changing tips 1  2   took ,2.7412741
2010-05-28,07:57:18.949,1,2,move source stage took ,0.6560656
2010-05-28,07:57:19.287,3,4,tip shucking took ,1.9711971
2010-05-28,07:57:22.053,,,changing tips 3  4   took ,2.7662766
2010-05-28,07:57:22.511,1,2,aspirate took ,3.5623562
2010-05-28,07:57:23.038,3,4,move source stage took ,0.4850485
2010-05-28,07:57:25.818,1,2,dispense took ,3.3063306
2010-05-28,07:57:26.560,3,4,aspirate took ,3.5213521
2010-05-28,07:57:27.845,1,2,tip shucking took ,2.0272027
2010-05-28,07:57:29.950,3,4,dispense took ,3.390339
2010-05-28,07:57:30.675,,,changing tips 1  2   took ,2.830283
2010-05-28,07:57:31.020,1,2,move source stage took ,0.3450345
2010-05-28,07:57:31.889,3,4,tip shucking took ,1.9391939
2010-05-28,07:57:34.493,1,2,aspirate took ,3.4733473
2010-05-28,07:57:34.959,,,changing tips 3  4   took ,3.070307
2010-05-28,07:57:35.343,3,4,move source stage took ,0.3840384
2010-05-28,07:57:37.826,1,2,dispense took ,3.3323332
2010-05-28,07:57:38.864,3,4,aspirate took ,3.520352
2010-05-28,07:57:39.868,1,2,tip shucking took ,2.0422042
2010-05-28,07:57:42.295,3,4,dispense took ,3.4313431
2010-05-28,07:57:42.667,,,changing tips 1  2   took ,2.7992799
2010-05-28,07:57:42.871,1,2,move source stage took ,0.2040204
2010-05-28,07:57:44.249,3,4,tip shucking took ,1.9541954
2010-05-28,07:57:46.321,1,2,aspirate took ,3.4493449
2010-05-28,07:57:47.235,,,changing tips 3  4   took ,2.9852985
2010-05-28,07:57:47.875,3,4,move source stage took ,0.640064
2010-05-28,07:57:49.627,1,2,dispense took ,3.3063306
2010-05-28,07:57:51.449,3,4,aspirate took ,3.5743574
2010-05-28,07:57:51.662,1,2,tip shucking took ,2.0352035
2010-05-28,07:57:54.436,,,changing tips 1  2   took ,2.7742774
2010-05-28,07:57:54.791,3,4,dispense took ,3.3423342
2010-05-28,07:57:55.101,1,2,move source stage took ,0.6650665
2010-05-28,07:57:56.726,3,4,tip shucking took ,1.9341934
2010-05-28,07:57:58.600,1,2,aspirate took ,3.4983498
2010-05-28,07:57:59.487,,,changing tips 3  4   took ,2.7612761
2010-05-28,07:57:59.890,3,4,move source stage took ,0.4030403
2010-05-28,07:58:01.886,1,2,dispense took ,3.2863286
2010-05-28,07:58:03.467,3,4,aspirate took ,3.5773577
2010-05-28,07:58:03.818,1,2,tip shucking took ,1.9321932
2010-05-28,07:58:06.638,,,changing tips 1  2   took ,2.8192819
2010-05-28,07:58:06.774,3,4,dispense took ,3.3063306
2010-05-28,07:58:07.113,1,2,move source stage took ,0.4750475
2010-05-28,07:58:08.817,3,4,tip shucking took ,2.0432043
2010-05-28,07:58:10.586,1,2,aspirate took ,3.4733473
2010-05-28,07:58:11.863,,,changing tips 3  4   took ,3.0463046
2010-05-28,07:58:12.106,3,4,move source stage took ,0.2430243
2010-05-28,07:58:13.985,1,2,dispense took ,3.3993399
2010-05-28,07:58:15.665,3,4,aspirate took ,3.5583558
2010-05-28,07:58:15.924,1,2,tip shucking took ,1.9381938
2010-05-28,07:58:18.715,,,changing tips 1  2   took ,2.7912791
2010-05-28,07:58:18.971,3,4,dispense took ,3.3063306
2010-05-28,07:58:19.253,1,2,move source stage took ,0.5380538
2010-05-28,07:58:20.907,3,4,tip shucking took ,1.9361936
2010-05-28,07:58:22.701,1,2,aspirate took ,3.4483448
2010-05-28,07:58:23.913,,,changing tips 3  4   took ,3.0063006
2010-05-28,07:58:24.518,3,4,move source stage took ,0.6050605
2010-05-28,07:58:26.037,1,2,dispense took ,3.3353335
2010-05-28,07:58:27.974,3,4,aspirate took ,3.4553455
2010-05-28,07:58:28.075,1,2,tip shucking took ,2.0382038
2010-05-28,07:58:30.829,,,changing tips 1  2   took ,2.7542754
2010-05-28,07:58:31.343,3,4,dispense took ,3.3693369
2010-05-28,07:58:31.430,1,2,move source stage took ,0.6010601
2010-05-28,07:58:33.296,3,4,tip shucking took ,1.9531953
2010-05-28,07:58:34.917,1,2,aspirate took ,3.4873487
2010-05-28,07:58:36.032,,,changing tips 3  4   took ,2.7352735
2010-05-28,07:58:36.459,3,4,move source stage took ,0.4270427
2010-05-28,07:58:38.248,1,2,dispense took ,3.330333
2010-05-28,07:58:39.943,3,4,aspirate took ,3.4843484
2010-05-28,07:58:40.181,1,2,tip shucking took ,1.9331933
2010-05-28,07:58:43.023,,,changing tips 1  2   took ,2.8422842
2010-05-28,07:58:43.616,3,4,dispense took ,3.6733673
2010-05-28,07:58:43.631,1,2,move source stage took ,0.6080608
2010-05-28,07:58:45.500,3,4,tip shucking took ,1.8831883
2010-05-28,07:58:47.083,1,2,aspirate took ,3.4513451
2010-05-28,07:58:48.564,,,changing tips 3  4   took ,3.0643064
2010-05-28,07:58:49.277,3,4,move source stage took ,0.7130713
2010-05-28,07:58:50.461,1,2,dispense took ,3.3783378
2010-05-28,07:58:52.350,1,2,tip shucking took ,1.8891889
2010-05-28,07:58:52.781,3,4,aspirate took ,3.5043504
2010-05-28,07:58:55.158,,,changing tips 1  2   took ,2.8082808
2010-05-28,07:58:55.856,1,2,move source stage took ,0.6970697
2010-05-28,07:58:56.085,3,4,dispense took ,3.3033303
2010-05-28,07:58:58.005,3,4,tip shucking took ,1.920192
2010-05-28,07:58:59.340,1,2,aspirate took ,3.4843484
2010-05-28,07:59:01.016,,,changing tips 3  4   took ,3.0113011
2010-05-28,07:59:01.727,3,4,move source stage took ,0.7110711
2010-05-28,07:59:02.853,1,2,dispense took ,3.5133513
2010-05-28,07:59:04.784,1,2,tip shucking took ,1.9311931
2010-05-28,07:59:05.255,3,4,aspirate took ,3.5283528
2010-05-28,07:59:07.535,,,changing tips 1  2   took ,2.750275
2010-05-28,07:59:08.077,1,2,move source stage took ,0.5420542
2010-05-28,07:59:08.585,3,4,dispense took ,3.3293329
2010-05-28,07:59:10.526,3,4,tip shucking took ,1.9411941
2010-05-28,07:59:11.609,1,2,aspirate took ,3.5323532
2010-05-28,07:59:13.266,,,changing tips 3  4   took ,2.740274
2010-05-28,07:59:13.573,3,4,move source stage took ,0.3070307
2010-05-28,07:59:15.101,1,2,dispense took ,3.4923492
2010-05-28,07:59:17.013,1,2,tip shucking took ,1.9111911
2010-05-28,07:59:17.064,3,4,aspirate took ,3.490349
2010-05-28,07:59:19.839,,,changing tips 1  2   took ,2.8262826
2010-05-28,07:59:20.159,1,2,move source stage took ,0.320032
2010-05-28,07:59:20.475,3,4,dispense took ,3.4113411
2010-05-28,07:59:22.426,3,4,tip shucking took ,1.9511951
2010-05-28,07:59:23.589,1,2,aspirate took ,3.430343
2010-05-28,07:59:24.572,,,changing tips 3   took ,2.1462146
2010-05-28,07:59:24.928,3,,move source stage took ,0.3560356
2010-05-28,07:59:26.928,1,2,dispense took ,3.3383338
2010-05-28,07:59:28.411,3,,aspirate took ,3.4823482
2010-05-28,07:59:28.954,1,2,tip shucking took ,2.0262026
2010-05-28,07:59:30.869,,,changing tips 1   took ,1.9151915
2010-05-28,07:59:31.212,1,,move source stage took ,0.3430343
2010-05-28,07:59:32.069,3,,dispense took ,3.6583658
2010-05-28,07:59:33.954,3,,tip shucking took ,1.8851885
2010-05-28,07:59:34.652,1,,aspirate took ,3.440344
2010-05-28,07:59:37.968,1,,dispense took ,3.3153315
2010-05-28,07:59:39.896,1,,tip shucking took ,1.9281928
2010-05-28,07:59:40.547,,,Unloading plate 's6' to BB PM 3 took ,0.1010101
2010-05-28,07:59:43.839,,,changing tips 1  2   took ,3.2423242
2010-05-28,07:59:44.345,1,2,move source stage took ,0.5060506
2010-05-28,07:59:46.598,,,changing tips 3  4   took ,5.9365936
2010-05-28,07:59:47.858,1,2,aspirate took ,3.5123512
2010-05-28,07:59:48.416,3,4,move source stage took ,0.5180518
2010-05-28,07:59:51.044,1,2,dispense took ,3.1863186
2010-05-28,07:59:51.955,3,4,aspirate took ,3.5393539
2010-05-28,07:59:53.090,1,2,tip shucking took ,2.0462046
2010-05-28,07:59:55.295,3,4,dispense took ,3.340334
2010-05-28,07:59:55.850,,,changing tips 1  2   took ,2.7592759
2010-05-28,07:59:56.232,1,2,move source stage took ,0.3820382
2010-05-28,07:59:57.355,3,4,tip shucking took ,2.0592059
2010-05-28,07:59:59.740,1,2,aspirate took ,3.5083508
2010-05-28,08:00:00.099,,,changing tips 3  4   took ,2.7442744
2010-05-28,08:00:00.738,3,4,move source stage took ,0.6390639
2010-05-28,08:00:03.049,1,2,dispense took ,3.3093309
2010-05-28,08:00:04.254,3,4,aspirate took ,3.5163516
2010-05-28,08:00:04.983,1,2,tip shucking took ,1.9341934
2010-05-28,08:00:07.683,3,4,dispense took ,3.4283428
2010-05-28,08:00:07.846,,,changing tips 1  2   took ,2.8622862
2010-05-28,08:00:08.328,1,2,move source stage took ,0.4820482
2010-05-28,08:00:09.617,3,4,tip shucking took ,1.9341934
2010-05-28,08:00:11.785,1,2,aspirate took ,3.4573457
2010-05-28,08:00:12.406,,,changing tips 3  4   took ,2.7892789
2010-05-28,08:00:12.823,3,4,move source stage took ,0.4170417
2010-05-28,08:00:15.144,1,2,dispense took ,3.3593359
2010-05-28,08:00:16.322,3,4,aspirate took ,3.4983498
2010-05-28,08:00:17.188,1,2,tip shucking took ,2.0432043
2010-05-28,08:00:19.669,3,4,dispense took ,3.3473347
2010-05-28,08:00:19.899,,,changing tips 1  2   took ,2.7112711
2010-05-28,08:00:20.564,1,2,move source stage took ,0.6650665
2010-05-28,08:00:21.620,3,4,tip shucking took ,1.9511951
2010-05-28,08:00:24.032,1,2,aspirate took ,3.4683468
2010-05-28,08:00:24.374,,,changing tips 3  4   took ,2.7542754
2010-05-28,08:00:24.703,3,4,move source stage took ,0.3290329
2010-05-28,08:00:27.390,1,2,dispense took ,3.3573357
2010-05-28,08:00:28.263,3,4,aspirate took ,3.5593559
2010-05-28,08:00:29.339,1,2,tip shucking took ,1.9491949
2010-05-28,08:00:31.639,3,4,dispense took ,3.3763376
2010-05-28,08:00:32.086,,,changing tips 1  2   took ,2.7472747
2010-05-28,08:00:32.649,1,2,move source stage took ,0.5630563
2010-05-28,08:00:33.669,3,4,tip shucking took ,2.030203
2010-05-28,08:00:36.118,1,2,aspirate took ,3.4683468
2010-05-28,08:00:36.377,,,changing tips 3  4   took ,2.7072707
2010-05-28,08:00:36.819,3,4,move source stage took ,0.4420442
2010-05-28,08:00:39.460,1,2,dispense took ,3.3423342
2010-05-28,08:00:40.398,3,4,aspirate took ,3.5793579
2010-05-28,08:00:41.385,1,2,tip shucking took ,1.9251925
2010-05-28,08:00:43.750,3,4,dispense took ,3.3523352
2010-05-28,08:00:44.206,,,changing tips 1  2   took ,2.820282
2010-05-28,08:00:44.734,1,2,move source stage took ,0.5280528
2010-05-28,08:00:45.685,3,4,tip shucking took ,1.9341934
2010-05-28,08:00:48.157,1,2,aspirate took ,3.4223422
2010-05-28,08:00:48.474,,,changing tips 3  4   took ,2.7892789
2010-05-28,08:00:48.856,3,4,move source stage took ,0.3820382
2010-05-28,08:00:51.440,1,2,dispense took ,3.2833283
2010-05-28,08:00:52.371,3,4,aspirate took ,3.5153515
2010-05-28,08:00:53.362,1,2,tip shucking took ,1.9221922
2010-05-28,08:00:55.729,3,4,dispense took ,3.3573357
2010-05-28,08:00:56.078,,,changing tips 1  2   took ,2.7152715
2010-05-28,08:00:56.634,1,2,move source stage took ,0.5560556
2010-05-28,08:00:57.665,3,4,tip shucking took ,1.9361936
2010-05-28,08:01:00.080,1,2,aspirate took ,3.4463446
2010-05-28,08:01:00.422,,,changing tips 3  4   took ,2.7572757
2010-05-28,08:01:00.859,3,4,move source stage took ,0.4370437
2010-05-28,08:01:03.379,1,2,dispense took ,3.2993299
2010-05-28,08:01:04.357,3,4,aspirate took ,3.4983498
2010-05-28,08:01:05.416,1,2,tip shucking took ,2.0372037
2010-05-28,08:01:07.682,3,4,dispense took ,3.3243324
2010-05-28,08:01:08.183,,,changing tips 1  2   took ,2.7662766
2010-05-28,08:01:08.661,1,2,move source stage took ,0.4780478
2010-05-28,08:01:09.641,3,4,tip shucking took ,1.9591959
2010-05-28,08:01:12.134,1,2,aspirate took ,3.4733473
2010-05-28,08:01:12.397,,,changing tips 3  4   took ,2.7562756
2010-05-28,08:01:12.767,3,4,move source stage took ,0.370037
2010-05-28,08:01:15.481,1,2,dispense took ,3.3463346
2010-05-28,08:01:16.278,3,4,aspirate took ,3.510351
2010-05-28,08:01:17.491,1,2,tip shucking took ,2.010201
2010-05-28,08:01:19.915,3,4,dispense took ,3.6373637
2010-05-28,08:01:20.331,,,changing tips 1  2   took ,2.840284
2010-05-28,08:01:20.885,1,2,move source stage took ,0.5540554
2010-05-28,08:01:21.826,3,4,tip shucking took ,1.9111911
2010-05-28,08:01:24.326,1,2,aspirate took ,3.4413441
2010-05-28,08:01:24.625,,,changing tips 3  4   took ,2.7992799
2010-05-28,08:01:24.838,3,4,move source stage took ,0.2130213
2010-05-28,08:01:27.692,1,2,dispense took ,3.3653365
2010-05-28,08:01:28.333,3,4,aspirate took ,3.4943494
2010-05-28,08:01:29.710,1,2,tip shucking took ,2.0182018
2010-05-28,08:01:31.678,3,4,dispense took ,3.3453345
2010-05-28,08:01:32.452,,,changing tips 1  2   took ,2.7422742
2010-05-28,08:01:32.953,1,2,move source stage took ,0.5010501
2010-05-28,08:01:33.590,3,4,tip shucking took ,1.9121912
2010-05-28,08:01:36.352,,,changing tips 3  4   took ,2.7612761
2010-05-28,08:01:36.501,1,2,aspirate took ,3.5473547
2010-05-28,08:01:37.014,3,4,move source stage took ,0.5120512
2010-05-28,08:01:40.037,1,2,dispense took ,3.5363536
2010-05-28,08:01:40.531,3,4,aspirate took ,3.5173517
2010-05-28,08:01:41.942,1,2,tip shucking took ,1.9051905
2010-05-28,08:01:43.908,3,4,dispense took ,3.3773377
2010-05-28,08:01:44.731,,,changing tips 1  2   took ,2.7892789
2010-05-28,08:01:45.103,1,2,move source stage took ,0.3720372
2010-05-28,08:01:45.819,3,4,tip shucking took ,1.910191
2010-05-28,08:01:48.524,,,changing tips 3  4   took ,2.7052705
2010-05-28,08:01:48.574,1,2,aspirate took ,3.470347
2010-05-28,08:01:49.034,3,4,move source stage took ,0.410041
2010-05-28,08:01:51.912,1,2,dispense took ,3.3383338
2010-05-28,08:01:52.497,3,4,aspirate took ,3.4633463
2010-05-28,08:01:53.933,1,2,tip shucking took ,2.0212021
2010-05-28,08:01:55.852,3,4,dispense took ,3.3543354
2010-05-28,08:01:56.095,,,changing tips 1   took ,2.1612161
2010-05-28,08:01:56.396,1,,move source stage took ,0.3010301
2010-05-28,08:01:57.785,3,4,tip shucking took ,1.9331933
2010-05-28,08:01:59.782,1,,aspirate took ,3.3863386
2010-05-28,08:02:00.770,,,changing tips 2  3   took ,2.9852985
2010-05-28,08:02:01.294,2,3,move source stage took ,0.5240524
2010-05-28,08:02:03.062,1,,dispense took ,3.280328
2010-05-28,08:02:04.852,2,3,aspirate took ,3.5583558
2010-05-28,08:02:05.052,1,,tip shucking took ,1.990199
2010-05-28,08:02:07.121,,,changing tips 1   took ,2.0682068
2010-05-28,08:02:07.628,1,,move source stage took ,0.5070507
2010-05-28,08:02:08.182,2,3,dispense took ,3.3293329
2010-05-28,08:02:10.158,2,3,tip shucking took ,1.9761976
2010-05-28,08:02:11.118,1,,aspirate took ,3.490349
2010-05-28,08:02:14.549,1,,dispense took ,3.4313431
2010-05-28,08:02:16.479,1,,tip shucking took ,1.9291929
2010-05-28,08:02:18.376,,,Unloading plate 's7' to BB PM 3 took ,0.1190119
2010-05-28,08:02:24.203,,,changing tips 1  2   took ,5.7775777
2010-05-28,08:02:24.718,1,2,move source stage took ,0.5150515
2010-05-28,08:02:27.493,,,changing tips 3  4   took ,8.9758975
2010-05-28,08:02:28.198,1,2,aspirate took ,3.4793479
2010-05-28,08:02:28.597,3,4,move source stage took ,0.3540354
2010-05-28,08:02:31.731,1,2,dispense took ,3.5333533
2010-05-28,08:02:32.138,3,4,aspirate took ,3.5413541
2010-05-28,08:02:33.772,1,2,tip shucking took ,2.0412041
2010-05-28,08:02:35.471,3,4,dispense took ,3.3323332
2010-05-28,08:02:36.514,,,changing tips 1  2   took ,2.7412741
2010-05-28,08:02:37.068,1,2,move source stage took ,0.5540554
2010-05-28,08:02:37.537,3,4,tip shucking took ,2.0662066
2010-05-28,08:02:40.296,,,changing tips 3  4   took ,2.7592759
2010-05-28,08:02:40.566,1,2,aspirate took ,3.4983498
2010-05-28,08:02:41.066,3,4,move source stage took ,0.470047
2010-05-28,08:02:43.885,1,2,dispense took ,3.3193319
2010-05-28,08:02:44.561,3,4,aspirate took ,3.4953495
2010-05-28,08:02:45.923,1,2,tip shucking took ,2.0372037
2010-05-28,08:02:47.874,3,4,dispense took ,3.3123312
2010-05-28,08:02:48.703,,,changing tips 1  2   took ,2.780278
2010-05-28,08:02:49.217,1,2,move source stage took ,0.5140514
2010-05-28,08:02:49.822,3,4,tip shucking took ,1.9481948
2010-05-28,08:02:52.653,1,2,aspirate took ,3.4363436
2010-05-28,08:02:52.888,,,changing tips 3  4   took ,3.0653065
2010-05-28,08:02:53.292,3,4,move source stage took ,0.4040404
2010-05-28,08:02:55.964,1,2,dispense took ,3.310331
2010-05-28,08:02:56.781,3,4,aspirate took ,3.4883488
2010-05-28,08:02:58.000,1,2,tip shucking took ,2.0362036
2010-05-28,08:03:00.127,3,4,dispense took ,3.3463346
2010-05-28,08:03:00.801,,,changing tips 1  2   took ,2.8012801
2010-05-28,08:03:01.365,1,2,move source stage took ,0.5640564
2010-05-28,08:03:02.057,3,4,tip shucking took ,1.930193
2010-05-28,08:03:04.845,1,2,aspirate took ,3.480348
2010-05-28,08:03:05.048,,,changing tips 3  4   took ,2.9912991
2010-05-28,08:03:05.653,3,4,move source stage took ,0.6040604
2010-05-28,08:03:08.150,1,2,dispense took ,3.3043304
2010-05-28,08:03:09.218,3,4,aspirate took ,3.5653565
2010-05-28,08:03:10.163,1,2,tip shucking took ,2.0132013
2010-05-28,08:03:12.571,3,4,dispense took ,3.3533353
2010-05-28,08:03:12.926,,,changing tips 1  2   took ,2.7632763
2010-05-28,08:03:13.430,1,2,move source stage took ,0.5040504
2010-05-28,08:03:14.486,3,4,tip shucking took ,1.9151915
2010-05-28,08:03:16.913,1,2,aspirate took ,3.4823482
2010-05-28,08:03:17.228,,,changing tips 3  4   took ,2.7412741
2010-05-28,08:03:17.743,3,4,move source stage took ,0.5150515
2010-05-28,08:03:20.238,1,2,dispense took ,3.3253325
2010-05-28,08:03:21.250,3,4,aspirate took ,3.5073507
2010-05-28,08:03:22.190,1,2,tip shucking took ,1.9521952
2010-05-28,08:03:24.568,3,4,dispense took ,3.3183318
2010-05-28,08:03:25.030,,,changing tips 1  2   took ,2.840284
2010-05-28,08:03:25.652,1,2,move source stage took ,0.6210621
2010-05-28,08:03:26.515,3,4,tip shucking took ,1.9461946
2010-05-28,08:03:29.119,1,2,aspirate took ,3.4673467
2010-05-28,08:03:29.572,,,changing tips 3  4   took ,3.0573057
2010-05-28,08:03:30.129,3,4,move source stage took ,0.5570557
2010-05-28,08:03:32.447,1,2,dispense took ,3.3283328
2010-05-28,08:03:33.636,3,4,aspirate took ,3.5073507
2010-05-28,08:03:34.511,1,2,tip shucking took ,2.0642064
2010-05-28,08:03:37.012,3,4,dispense took ,3.3753375
2010-05-28,08:03:37.314,,,changing tips 1  2   took ,2.8012801
2010-05-28,08:03:37.649,1,2,move source stage took ,0.3350335
2010-05-28,08:03:39.065,3,4,tip shucking took ,2.0532053
2010-05-28,08:03:41.128,1,2,aspirate took ,3.4793479
2010-05-28,08:03:42.060,,,changing tips 3  4   took ,2.9942994
2010-05-28,08:03:42.502,3,4,move source stage took ,0.4420442
2010-05-28,08:03:44.500,1,2,dispense took ,3.3723372
2010-05-28,08:03:46.090,3,4,aspirate took ,3.5873587
2010-05-28,08:03:46.424,1,2,tip shucking took ,1.9231923
2010-05-28,08:03:49.186,,,changing tips 1  2   took ,2.7622762
2010-05-28,08:03:49.454,3,4,dispense took ,3.3643364
2010-05-28,08:03:49.745,1,2,move source stage took ,0.5590559
2010-05-28,08:03:51.395,3,4,tip shucking took ,1.9411941
2010-05-28,08:03:53.188,1,2,aspirate took ,3.4433443
2010-05-28,08:03:54.145,,,changing tips 3  4   took ,2.750275
2010-05-28,08:03:54.811,3,4,move source stage took ,0.6660666
2010-05-28,08:03:56.528,1,2,dispense took ,3.3393339
2010-05-28,08:03:58.403,3,4,aspirate took ,3.5913591
2010-05-28,08:03:58.543,1,2,tip shucking took ,2.0152015
2010-05-28,08:04:01.398,,,changing tips 1  2   took ,2.8552855
2010-05-28,08:04:01.700,1,2,move source stage took ,0.3020302
2010-05-28,08:04:02.020,3,4,dispense took ,3.6173617
2010-05-28,08:04:03.926,3,4,tip shucking took ,1.9061906
2010-05-28,08:04:05.207,1,2,aspirate took ,3.5073507
2010-05-28,08:04:07.009,,,changing tips 3  4   took ,3.0823082
2010-05-28,08:04:07.356,3,4,move source stage took ,0.3470347
2010-05-28,08:04:08.599,1,2,dispense took ,3.3913391
2010-05-28,08:04:10.481,1,2,tip shucking took ,1.8821882
2010-05-28,08:04:10.840,3,4,aspirate took ,3.4843484
2010-05-28,08:04:13.254,,,changing tips 1  2   took ,2.7732773
2010-05-28,08:04:13.748,1,2,move source stage took ,0.4940494
2010-05-28,08:04:14.226,3,4,dispense took ,3.3863386
2010-05-28,08:04:16.155,3,4,tip shucking took ,1.9281928
2010-05-28,08:04:17.246,1,2,aspirate took ,3.4973497
2010-05-28,08:04:19.145,,,changing tips 3  4   took ,2.990299
2010-05-28,08:04:19.699,3,4,move source stage took ,0.5540554
2010-05-28,08:04:20.840,1,2,dispense took ,3.5943594
2010-05-28,08:04:22.763,1,2,tip shucking took ,1.9231923
2010-05-28,08:04:23.184,3,4,aspirate took ,3.4853485
2010-05-28,08:04:25.556,,,changing tips 1  2   took ,2.7922792
2010-05-28,08:04:26.120,1,2,move source stage took ,0.5640564
2010-05-28,08:04:26.740,3,4,dispense took ,3.5553555
2010-05-28,08:04:28.687,3,4,tip shucking took ,1.9471947
2010-05-28,08:04:29.620,1,2,aspirate took ,3.50035
2010-05-28,08:04:31.449,,,changing tips 3  4   took ,2.7622762
2010-05-28,08:04:31.936,3,4,move source stage took ,0.4870487
2010-05-28,08:04:32.968,1,2,dispense took ,3.3483348
2010-05-28,08:04:34.882,1,2,tip shucking took ,1.9141914
2010-05-28,08:04:35.434,3,4,aspirate took ,3.4983498
2010-05-28,08:04:37.717,,,changing tips 1  2   took ,2.8342834
2010-05-28,08:04:38.294,1,2,move source stage took ,0.5770577
2010-05-28,08:04:38.773,3,4,dispense took ,3.3383338
2010-05-28,08:04:40.716,3,4,tip shucking took ,1.9431943
2010-05-28,08:04:41.783,1,2,aspirate took ,3.4893489
2010-05-28,08:04:42.847,,,changing tips 3   took ,2.1312131
2010-05-28,08:04:43.485,3,,move source stage took ,0.6380638
2010-05-28,08:04:45.176,1,2,dispense took ,3.3933393
2010-05-28,08:04:46.993,3,,aspirate took ,3.5073507
2010-05-28,08:04:47.092,1,2,tip shucking took ,1.9151915
2010-05-28,08:04:48.975,,,changing tips 1   took ,1.8831883
2010-05-28,08:04:49.478,1,,move source stage took ,0.5030503
2010-05-28,08:04:50.607,3,,dispense took ,3.6143614
2010-05-28,08:04:52.578,3,,tip shucking took ,1.9711971
2010-05-28,08:04:52.973,1,,aspirate took ,3.4953495
2010-05-28,08:04:56.237,1,,dispense took ,3.2633263
2010-05-28,08:04:58.168,1,,tip shucking took ,1.9311931
2010-05-28,08:04:58.822,,,Unloading plate 's8' to BB PM 3 took ,0.1040104
2010-05-28,08:05:02.061,,,changing tips 1  2   took ,3.1893189
2010-05-28,08:05:02.583,1,2,move source stage took ,0.5220522
2010-05-28,08:05:04.809,,,changing tips 3  4   took ,5.9165916
2010-05-28,08:05:06.125,1,2,aspirate took ,3.5413541
2010-05-28,08:05:06.502,3,4,move source stage took ,0.3420342
2010-05-28,08:05:09.408,1,2,dispense took ,3.2833283
2010-05-28,08:05:10.020,3,4,aspirate took ,3.5183518
2010-05-28,08:05:11.453,1,2,tip shucking took ,2.0452045
2010-05-28,08:05:13.393,3,4,dispense took ,3.3733373
2010-05-28,08:05:14.227,,,changing tips 1  2   took ,2.7742774
2010-05-28,08:05:14.870,1,2,move source stage took ,0.6430643
2010-05-28,08:05:15.317,3,4,tip shucking took ,1.9241924
2010-05-28,08:05:18.047,,,changing tips 3  4   took ,2.7292729
2010-05-28,08:05:18.427,1,2,aspirate took ,3.5563556
2010-05-28,08:05:18.789,3,4,move source stage took ,0.3420342
2010-05-28,08:05:21.739,1,2,dispense took ,3.3123312
2010-05-28,08:05:22.316,3,4,aspirate took ,3.5273527
2010-05-28,08:05:23.772,1,2,tip shucking took ,2.0332033
2010-05-28,08:05:25.677,3,4,dispense took ,3.360336
2010-05-28,08:05:26.556,,,changing tips 1  2   took ,2.7832783
2010-05-28,08:05:26.884,1,2,move source stage took ,0.3280328
2010-05-28,08:05:27.697,3,4,tip shucking took ,2.020202
2010-05-28,08:05:30.339,1,2,aspirate took ,3.4553455
2010-05-28,08:05:30.473,,,changing tips 3  4   took ,2.7762776
2010-05-28,08:05:30.767,3,4,move source stage took ,0.2940294
2010-05-28,08:05:33.681,1,2,dispense took ,3.3423342
2010-05-28,08:05:34.231,3,4,aspirate took ,3.4643464
2010-05-28,08:05:35.700,1,2,tip shucking took ,2.0182018
2010-05-28,08:05:37.575,3,4,dispense took ,3.3433343
2010-05-28,08:05:38.415,,,changing tips 1  2   took ,2.7152715
2010-05-28,08:05:38.893,1,2,move source stage took ,0.4770477
2010-05-28,08:05:39.636,3,4,tip shucking took ,2.0612061
2010-05-28,08:05:42.369,,,changing tips 3  4   took ,2.7332733
2010-05-28,08:05:42.468,1,2,aspirate took ,3.5753575
2010-05-28,08:05:42.906,3,4,move source stage took ,0.4370437
2010-05-28,08:05:45.799,1,2,dispense took ,3.330333
2010-05-28,08:05:46.440,3,4,aspirate took ,3.5333533
2010-05-28,08:05:47.728,1,2,tip shucking took ,1.9291929
2010-05-28,08:05:49.828,3,4,dispense took ,3.3883388
2010-05-28,08:05:50.516,,,changing tips 1  2   took ,2.7882788
2010-05-28,08:05:51.178,1,2,move source stage took ,0.6620662
2010-05-28,08:05:51.782,3,4,tip shucking took ,1.9541954
2010-05-28,08:05:54.483,,,changing tips 3  4   took ,2.7012701
2010-05-28,08:05:54.689,1,2,aspirate took ,3.5113511
2010-05-28,08:05:55.432,3,4,move source stage took ,0.6990699
2010-05-28,08:05:57.955,1,2,dispense took ,3.2653265
2010-05-28,08:05:58.942,3,4,aspirate took ,3.5093509
2010-05-28,08:06:00.013,1,2,tip shucking took ,2.0582058
2010-05-28,08:06:02.312,3,4,dispense took ,3.370337
2010-05-28,08:06:02.798,,,changing tips 1  2   took ,2.7852785
2010-05-28,08:06:03.094,1,2,move source stage took ,0.2960296
2010-05-28,08:06:04.335,3,4,tip shucking took ,2.0232023
2010-05-28,08:06:06.535,1,2,aspirate took ,3.440344
2010-05-28,08:06:07.150,,,changing tips 3  4   took ,2.8142814
2010-05-28,08:06:07.647,3,4,move source stage took ,0.4970497
2010-05-28,08:06:09.820,1,2,dispense took ,3.2853285
2010-05-28,08:06:11.085,3,4,aspirate took ,3.4383438
2010-05-28,08:06:11.748,1,2,tip shucking took ,1.9281928
2010-05-28,08:06:14.480,,,changing tips 1  2   took ,2.7322732
2010-05-28,08:06:14.511,3,4,dispense took ,3.4263426
2010-05-28,08:06:14.973,1,2,move source stage took ,0.4930493
2010-05-28,08:06:16.515,3,4,tip shucking took ,2.0032003
2010-05-28,08:06:18.466,1,2,aspirate took ,3.4923492
2010-05-28,08:06:19.272,,,changing tips 3  4   took ,2.7572757
2010-05-28,08:06:19.563,3,4,move source stage took ,0.2910291
2010-05-28,08:06:21.805,1,2,dispense took ,3.3393339
2010-05-28,08:06:23.132,3,4,aspirate took ,3.5693569
2010-05-28,08:06:23.741,1,2,tip shucking took ,1.9361936
2010-05-28,08:06:26.487,3,4,dispense took ,3.3543354
2010-05-28,08:06:26.582,,,changing tips 1  2   took ,2.840284
2010-05-28,08:06:27.037,1,2,move source stage took ,0.4550455
2010-05-28,08:06:28.432,3,4,tip shucking took ,1.9451945
2010-05-28,08:06:30.503,1,2,aspirate took ,3.4663466
2010-05-28,08:06:31.159,,,changing tips 3  4   took ,2.7272727
2010-05-28,08:06:31.566,3,4,move source stage took ,0.4070407
2010-05-28,08:06:33.808,1,2,dispense took ,3.3053305
2010-05-28,08:06:35.111,3,4,aspirate took ,3.5453545
2010-05-28,08:06:35.813,1,2,tip shucking took ,2.0042004
2010-05-28,08:06:38.622,,,changing tips 1  2   took ,2.8092809
2010-05-28,08:06:38.718,3,4,dispense took ,3.6063606
2010-05-28,08:06:38.944,1,2,move source stage took ,0.3220322
2010-05-28,08:06:40.668,3,4,tip shucking took ,1.950195
2010-05-28,08:06:42.425,1,2,aspirate took ,3.4813481
2010-05-28,08:06:43.492,,,changing tips 3  4   took ,2.8242824
2010-05-28,08:06:43.912,3,4,move source stage took ,0.420042
2010-05-28,08:06:45.759,1,2,dispense took ,3.3333333
2010-05-28,08:06:47.439,3,4,aspirate took ,3.5263526
2010-05-28,08:06:47.755,1,2,tip shucking took ,1.9961996
2010-05-28,08:06:50.521,,,changing tips 1  2   took ,2.7662766
2010-05-28,08:06:50.770,3,4,dispense took ,3.3313331
2010-05-28,08:06:50.935,1,2,move source stage took ,0.4140414
2010-05-28,08:06:52.696,3,4,tip shucking took ,1.9261926
2010-05-28,08:06:54.396,1,2,aspirate took ,3.4613461
2010-05-28,08:06:55.454,,,changing tips 3  4   took ,2.7582758
2010-05-28,08:06:55.846,3,4,move source stage took ,0.3910391
2010-05-28,08:06:57.947,1,2,dispense took ,3.550355
2010-05-28,08:06:59.358,3,4,aspirate took ,3.5123512
2010-05-28,08:06:59.943,1,2,tip shucking took ,1.9961996
2010-05-28,08:07:02.738,,,changing tips 1  2   took ,2.7952795
2010-05-28,08:07:02.827,3,4,dispense took ,3.4693469
2010-05-28,08:07:03.013,1,2,move source stage took ,0.2750275
2010-05-28,08:07:04.775,3,4,tip shucking took ,1.9481948
2010-05-28,08:07:06.506,1,2,aspirate took ,3.4923492
2010-05-28,08:07:07.493,,,changing tips 3  4   took ,2.7172717
2010-05-28,08:07:07.821,3,4,move source stage took ,0.3280328
2010-05-28,08:07:09.878,1,2,dispense took ,3.3723372
2010-05-28,08:07:11.338,3,4,aspirate took ,3.5173517
2010-05-28,08:07:11.817,1,2,tip shucking took ,1.9391939
2010-05-28,08:07:14.648,,,changing tips 1  2   took ,2.8312831
2010-05-28,08:07:14.761,3,4,dispense took ,3.4233423
2010-05-28,08:07:14.944,1,2,move source stage took ,0.2960296
2010-05-28,08:07:16.710,3,4,tip shucking took ,1.9481948
2010-05-28,08:07:18.369,1,2,aspirate took ,3.4243424
2010-05-28,08:07:18.857,,,changing tips 3   took ,2.1472147
2010-05-28,08:07:19.322,3,,move source stage took ,0.4650465
2010-05-28,08:07:21.649,1,2,dispense took ,3.280328
2010-05-28,08:07:22.776,3,,aspirate took ,3.4543454
2010-05-28,08:07:23.598,1,2,tip shucking took ,1.9491949
2010-05-28,08:07:25.502,,,changing tips 1   took ,1.9031903
2010-05-28,08:07:25.856,1,,move source stage took ,0.3540354
2010-05-28,08:07:26.349,3,,dispense took ,3.5723572
2010-05-28,08:07:28.222,3,,tip shucking took ,1.8731873
2010-05-28,08:07:29.462,1,,aspirate took ,3.6063606
2010-05-28,08:07:32.757,1,,dispense took ,3.2953295
2010-05-28,08:07:34.687,1,,tip shucking took ,1.930193
